-- phpMyAdmin SQL Dump
-- version 5.2.1
-- https://www.phpmyadmin.net/
--
-- Host: 127.0.0.1
-- Generation Time: May 03, 2024 at 05:47 AM
-- Server version: 10.4.28-MariaDB
-- PHP Version: 8.1.17

SET SQL_MODE = "NO_AUTO_VALUE_ON_ZERO";
START TRANSACTION;
SET time_zone = "+00:00";


/*!40101 SET @OLD_CHARACTER_SET_CLIENT=@@CHARACTER_SET_CLIENT */;
/*!40101 SET @OLD_CHARACTER_SET_RESULTS=@@CHARACTER_SET_RESULTS */;
/*!40101 SET @OLD_COLLATION_CONNECTION=@@COLLATION_CONNECTION */;
/*!40101 SET NAMES utf8mb4 */;

--
-- Database: `goen_db`
--

-- --------------------------------------------------------

--
-- Table structure for table `district`
--

CREATE TABLE `district` (
  `district_id` int(11) NOT NULL,
  `district` varchar(5) NOT NULL
) ENGINE=InnoDB DEFAULT CHARSET=utf8mb4 COLLATE=utf8mb4_unicode_ci;

--
-- Dumping data for table `district`
--

INSERT INTO `district` (`district_id`, `district`) VALUES
(1, '1/'),
(2, '2/'),
(3, '3/'),
(4, '4/'),
(5, '5/'),
(6, '6/'),
(7, '7/'),
(8, '8/'),
(9, '9/'),
(10, '10/'),
(11, '11/'),
(12, '12/'),
(13, '13/'),
(14, '14/');

-- --------------------------------------------------------

--
-- Table structure for table `edu`
--

CREATE TABLE `edu` (
  `edu_id` int(11) NOT NULL,
  `student_id` varchar(255) NOT NULL,
  `education_s_year` varchar(255) NOT NULL,
  `education_s_month` varchar(255) NOT NULL,
  `education_e_year` varchar(255) NOT NULL,
  `education_e_month` varchar(255) NOT NULL,
  `school_name` text NOT NULL,
  `specialized_subject` text DEFAULT NULL,
  `skills` text NOT NULL
) ENGINE=InnoDB DEFAULT CHARSET=utf8 COLLATE=utf8_unicode_ci;

--
-- Dumping data for table `edu`
--

INSERT INTO `edu` (`edu_id`, `student_id`, `education_s_year`, `education_s_month`, `education_e_year`, `education_e_month`, `school_name`, `specialized_subject`, `skills`) VALUES
(1, '0314/04', '2008', '０６', '２０１２', '03', 'TAWKOO  小学校', 'ー', '小学校　　卒業 '),
(2, '0314/04', '20020138', '０６', '2016０１２', '03', 'TAWKOO 　高等学校', 'ー', '中学校　　卒業 '),
(3, '0314/04', '2017', '０６', '2019', '03', 'TAGONTAING  高等学校', '生物学', '高校生　　卒業 '),
(4, '0314/04', '2008', '０６', '２０１２', '03', 'TAWKOO  小学校', 'ー', '小学校　　卒業 '),
(5, '0001', '2006', '０6', '2014', '03', 'ThetYetPin 高等学校　（分校）', 'ー', '中学校　　　卒業'),
(6, '0001', '2014', '０6', '2016', '03', 'SikePyoYae 高等学校　', '経済', '高校生　　　1年生　卒業'),
(7, '30', '2004', '06', '2015', '02', 'NO.7 NAYPYITAW  高等学校', '生物学', '高校生　　卒業'),
(8, '30', '2015', '12', '2019', '9', 'KYAUKSE   大学', '英語', '大学　　卒業'),
(9, '30', '2004', '06', '2015', '02', 'NO.7 NAYPYITAW  高等学校', '生物学', '高校生　　卒業'),
(10, '30', '2004', '06', '2015', '03', 'NO.7 NAYPYITAW  高等学校', '生物学', '高校生　　卒業'),
(11, '30', '2015', '06', '2019', '10', 'KYAUKSE  　大学', '英語', '大学　　卒業'),
(12, '31', '2005', '06', '2016', '02', 'NO.7 NAYPYITAW  高等学校', '経済', '高校生　1年生　　卒業'),
(13, '20', '2004', '06', '2009', '02', 'SHWEBONETHAR  小学校', 'ー', '小学校　　卒業 '),
(14, '20', '2009', '06', '2015', '03', 'オウム  　高等学校', '生物学', '高校生　　卒業 '),
(15, '20', '2015', '12', '2019', '10', 'HINTHADA 　大学', '植物学', '大学　　　卒業 '),
(16, '22', '2007', '06', '2019', '03', 'KADOE   高等学校', '経済', '高校　　卒業'),
(17, '23', '1998', '06', '2003', '02', 'KONEGYI   小学校', 'ー', '小学校　　卒業 '),
(18, '23', '2003', '06', '2010', '03', 'MAGWAY  高等学校', '生物学', '高校生　　卒業 '),
(19, '23', '2010', '12', '2014', '10', '工学  　 大学', '電子通信学', '正門学校　　卒業 '),
(20, '24', '2007', '06', '2012', '02', 'THAPYAYCHAUNG 小学校', 'ー', '小学校　　卒業 '),
(21, '24', '2012', '06', '2016', '02', 'LABUTTA      高等学校', 'ー', '中学校　　卒業 '),
(22, '24', '2016', '06', '2020', '03', 'HINTHADA   小学校', '生物学', '高校生　　卒業 '),
(23, '25', '2002', '06', '2013', '03', 'NO.3 BOTAHTAUNG 高等学校', '経済', '高校生　　卒業'),
(24, '26', '2007', '06', '2018', '03', 'NO.6 SOUTH DAGON 高等学校', '生物学', '高校生　　　卒業'),
(25, '26', '2018', '12', '2019', '08', 'YANGON  　大学', 'ミャンマー語', '大学　1年　　卒業'),
(27, '27', '2008', '06', '2013', '02', 'NO.8 NORTH OKKAPALA 小学校', 'ー', '小学校　　卒業 '),
(28, '27', '2013', '06', '2020', '03', 'NO.5 NORTH OKKAPALA 高等学校', '経済', '高校　　卒業 '),
(29, '28', '2008', '06', '2017', '02', 'AKE GYI  高等学校', 'ー', '中学校　１年　　卒業'),
(30, '28', '2017', '06', '2018', '02', 'NO.2     高等学校', 'ー', '中学校　2　年　　卒業'),
(31, '28', '2018', '06', '2019', '03', 'NO.1    DEDAYE 高等学校', '経済', '高校　　　卒業'),
(32, '29', '2009', '06', '2020', '03', 'NO.5 DAGON SEIKKAN 高等学校', '経済', '高校生　　　卒業'),
(34, '31', '2001', '06', '2012', '03', 'NO.４ NORTH OKKALAPA  高等学校', '経済', '高校生　　卒業'),
(35, '31', '2013', '10', '2015', '10', 'DANGON　　 大学（通信）', '経済', '大学　　　卒業'),
(43, '31', '2001', '06', '2012', '03', 'N0.5 SOUTH OKKALAPA  高等学校', '経済', '高校生　　卒業'),
(44, '31', '2012', '10', '2015', '10', 'YANGON  大学（通信）', 'ミャンマー語', '大学　　　卒業'),
(45, '41', '2003', '06', '2008', '02', 'BUYAKONE  小学校', 'ー', '小学校　　卒業 '),
(46, '41', '2008', '06', '2012', '02', 'KANTHARGYI   中学校', 'ー', '中学校　　卒業 '),
(47, '41', '2012', '06', '2015', '03', 'ＰWINTPHYU   高等学校', '経済', '高校生　　卒業 '),
(48, '41', '2015', '12', '2019', '07', 'YENANGYAUNG 　 大学', '物理学', '大学院　１年生'),
(49, '42', '2002', '06', '2007', '02', 'GYOEGONE　 高等学校', 'ー', '小学校　　卒業 '),
(50, '42', '2007', '06', '2009', '02', 'THEINGONE　   高等学校', 'ー', '中学校　１年生　卒業 '),
(51, '43', '2008', '06', '2017', '02', 'NO.1 TATKONE 　中学校', 'ー', '中学校　3年生　　卒業'),
(52, '43', '2017', '06', '2019', '02', 'NO.1 TATKONE 　高等学校', '経済', '高校生　1年　　卒業'),
(53, '8', '2009', '06', '2020', '03', 'MYOSOE 高等学校', '経済', '高校生　　卒業'),
(54, '8', '', '', '', '', '', '', ''),
(55, '39', '2005', '06', '2010', '02', 'GWECHAUNG 小学校', '--', '小学校　　卒業 '),
(56, '39', '2010', '06', '2014', '02', 'SETYONE  中学校', '--', '中学校　　　卒業'),
(57, '39', '2014', '06', '2016', '03', 'NG　私立学校（MYAUNGMYA)', '経済', '高等学校　卒業 '),
(58, '39', '2016', '12', '2019', '09', 'PATHEIN 大学', '物理学', '大学　３年、卒業 '),
(59, '3', '2008', '06', '2019', '03', 'AYETHUKHA 高等学校（分校）', '経済', '高校生　　卒業'),
(60, '52', '2008', '06', '2013', '02', 'THAPYAY　　 小学校', 'ー', '小学校　　卒業 '),
(61, '52', '2013', '06', '2018', '03', 'HTANTHAPIN 　高等学校', '生物学', '高校生　　卒業'),
(62, '53', '2004', '06', '2015', '03', 'NO.1 BAGO　　高等学校', '生物学', '高校生、　　　　　卒業'),
(63, '53', '2015', '12', '2019', '03', 'YANGON （看護）大学', '看護技術', '大学　　２年、　　卒業'),
(71, '51', '2008', '06', '2019', '03', 'KUNGYANGON　　高等学校', '経済', '高校生、　　　卒業'),
(72, '51', '０', '０', '０', '０', 'ー', 'ー', 'ー'),
(73, '54', '2006', '06', '2016', '03', 'NO.3 BAGO 　　　高等学校', '生物学', '高校生　　　卒業'),
(74, '54', '０', '０', '０', '０', 'ー', 'ー', 'ー'),
(75, '59', '2009', '06', '2014', '02', 'KYARINKALAY  小学校', 'ー', '小学校　　卒業 '),
(76, '59', '2014', '06', '2020', '03', 'KYUTAW  高等学校', '経済', '高校生　卒業 '),
(83, '76', '2004', '06', '2009', '02', 'NO.24 SHWEPYITHAR小学校', 'ー', '小学校　　卒業 '),
(84, '76', '2009', '06', '2013', '02', 'NO.3 INSEIN  高等学校', '生物学', '高校生　1年　　卒業 '),
(85, '76', '2013', '06', '2014', '03', 'NO.5 HLAINGTHARYAR 高等学校', '生物学', '高校生　２年　　卒業 '),
(86, '76', '2014', '12', '2019', '09', 'WEST YANGON 大学', 'バイオテクノロジー', '大学　　　卒業 '),
(87, '50', '2000', '06', '2009', '02', 'NO.4 SITTWAY  高等学校', 'ー', '中学校　　　卒業'),
(88, '50', '2009', '06', '2012', '02', 'NO. KAMAYUT  高等学校', '経済', '高校生　　　卒業'),
(89, '50', '2013', '12', '2015', '09', 'DAGON 　大学', '経営学', '大学　　2年生　卒業'),
(90, '58', '2002', '06', '2015', '02', 'KATOE 　　高等学校', '生物学', '高校生　　　卒業'),
(91, '68', '1998', '06', '2007', '02', 'NAWARET　　 中学校', '--', '中学校　　　卒業'),
(92, '68', '2007', '06', '2009', '03', 'THEINZAYET 　高等学校', '生物学', '高校生　　　卒業'),
(93, '68', '2010', '11', '2017', '11', 'BAGO 　　　　大学（通信）', 'ミャンマー語', '大学　　　　卒業'),
(94, '71', '2005', '06', '2010', '02', 'LWANPYAY 小学校', '--', '小学校　　卒業 '),
(95, '71', '2010', '06', '2014', '02', 'YITKANLAY 中学校', '--', '中学校　　卒業'),
(96, '71', '2014', '06', '2016', '03', 'BAGO 高等学校', '生物学', '高校生　　卒業 '),
(97, '71', '2016', '12', '2020', '04', 'BAGO 大学', '動物学', '大学、3年生　卒業'),
(98, '75', '2008', '06', '2019', '03', 'WELKALI 高等学校', '生物学', '高校　　　卒業'),
(99, '69', '2010', '06', '2020', '03', 'N0. (1) BAGO 高等学校', '生物学', '高校生　1年生　　卒業'),
(100, '78', '2005', '06', '2010', '02', 'NAWARET　　 中学校', '--', '小学校　　卒業 '),
(101, '78', '2010', '06', '2016', '03', 'THEINZAYET　 高等学校', '経済', '高校生　　卒業 '),
(102, '78', '2017', '09', '2018', '11', 'MAWLAMYING  大学', '英語', '大学、2年生　　卒業 '),
(103, '3', '2008', '06', '2019', '03', 'AYETHUKHA 高等学校（分校）', '経済', '高校生　　卒業'),
(104, '79', '2008', '06', '2019', '03', 'AYETHUKHA 高等学校（分校）', '経済', '高校生　　卒業'),
(106, '81', '2006 ', '06', '2015', '02', 'Tha Yat Khone    　高等学校', '-', '中学校　　　卒業'),
(107, '81', '2015', '06', '2017', '03', 'Miba Yaik 私立高等学校', '生物学', '高校生　　　　卒業'),
(108, '81', '2017 ', '12', '2020', '02', 'DAGON   大学', '物理学', '大学3年在学中'),
(109, '82', '2003', '06', '2013', '03', 'Htan Pin Chaung   　高等学校', '経済', '高校1ねん卒業'),
(110, '83', '2008', '06', '2017', '02', 'Kaling    　中学校', '--', '中学校卒業'),
(111, '83', '2017', '06', '2019', '03', 'S.Y.L （私立高等学校）', '生物学', '高校卒業'),
(120, '85', '2003', '06', '2012', '02', 'NO.1 NANSANG 高等学校', 'ー', '中学校　　　卒業'),
(121, '85', '2012', '06', '2014', '03', 'NO.2 NANSANG 高等学校', '生物学', '高校生　　　卒業'),
(122, '85', '2015', '10', '2019', '10', 'MANDALAY 通信大学', '母国語', '大学　　　卒業'),
(123, '87', '2005', '06', '2014', '02', 'LETI　 中学校', 'ー', '中学校　　卒業 '),
(124, '87', '2014', '06', '201６', '03', 'MAUNGTAUNG 　高等学校', 'ー', '高校　　卒業 '),
(125, '87', '2017', '10', '2020', '10', 'MONYWA 大学', '英語', '大学　３年生　'),
(126, '95', '2002', '06', '2016', '03', 'SHWEPYITHAR 高等学校', '経済', '高校生　　　卒業'),
(127, '95', '2016', '12', '2020', '04', 'WEST DAGON 大学', '歴史', '大学　　　卒業'),
(128, '96', '2000', '06', '2005', '02', 'NYUNG PIN THE 小学校', 'ー', '小学校　　卒業'),
(129, '96', '2005', '06', '2010', '02', 'YONEPIN SAUK 中学校', 'ー', '中学校　　卒業'),
(130, '96', '2010', '06', '2013', '03', 'MA HLAING  高等学校', '生物学', '高校生　　卒業'),
(131, '96', '2014', '10', '2018', '10', 'MIHTILA      大学', '英語', '大学　　　卒業'),
(132, '97', '2000', '06', '2011', '03', 'NO.14, MANDALAY 高等学校', '生物学', '高校　　　卒業'),
(133, '97', '2011', '12', '2013', '09', 'KYAUKSE 工科大学', '情報技術', '大学　1年　自習退学'),
(134, '98', '2001', '06', '2010', '02', 'THAR LON   中学校', 'ー', '中学校　　卒業 '),
(135, '98', '2010', '06', '2012', '03', 'KUME  高等学校', '生物学', '高校生　卒業 '),
(136, '98', '2012', '12', '2017', '04', 'KYAUK SE 大学', '化学', '大学　　卒業 '),
(137, '100', '2003', '06', '2012', '02', 'NO. 4, MYINMU 　高等学校', 'ー', '中学校　　　卒業'),
(138, '100', '2012', '06', '2015', '03', 'NO.1 MYINMU 　高等学校', '生物学', '高校　　　卒業'),
(139, '100', '2016', '10', '2019', '11', 'MONYWA 　大学(通信）', '母国語', '大学　　　　卒業'),
(140, '0010/01', '2008', '06', '2015', '02', 'THAYAT PIN CHAUNG 高等学校', 'ー', '中学校　　２年生　卒業'),
(141, '0010/01', '2015', '06', '2019', '03', 'SIKE/ MWE 高等学校', '生物学', '高校生　　　卒業'),
(142, '125', '2010', '06', '2020', '03', 'MONYWA 高等学校', '経済', '高校生　　卒業'),
(144, '130', '2001', '06', '2010', '02', 'MYOMA    高等学校', 'ー', '中学校　　　卒業'),
(145, '135', '2002', '06', '2007', '02', 'OHNPINGONE 小学校', 'ー', '小学校　　卒業 '),
(146, '135', '2007', '06', '2011', '02', 'MOUNGKYAUKTONE 中学校', 'ー', '中学校　　　卒業'),
(147, '135', '2011', '06', '2013', '03', 'KHINOO  高等学校', '生物学', '高校生　　卒業'),
(148, '135', '2014', '10', '2017', '10', 'SHWEBO 大学', 'ミャンマー語', '大学　　卒業'),
(149, '136', '2005', '06', '2017', '03', 'NYUNGWON 高等学校（分校）', '経済', '高校生　　卒業'),
(150, '136', '2018', '10', '2020', '10', 'KYAUKSE 大学　（通信）', '英語', '大学　2年生、　卒業'),
(151, '150', '2004', '06', '2014', '02', 'THANLYIN     高等学校', 'ー', '中学校　　　　卒業'),
(152, '150', '2014', '06', '2016', '03', 'NO.2 KANYUTKWIN    高等学校', '経済', '高校生　　　　卒業'),
(153, '150', '2016', '12', '2019', '03', 'EAST YANGON   大学', '心理学', '大学　2年生　　　卒業'),
(154, '151', '2006', '06', '2017', '03', 'THAPYAYDANN     高等学校', '経済', '高校生　　　　卒業'),
(155, '151', '2017', '12', '2020', '04', 'TAUNGOO    大学', '動物学', '大学　　2年生　　卒業'),
(161, '153', '2004', '06', '2016', '03', 'KAROPI 高等学校', '生物学', '高校生　　　　卒業'),
(162, '153', '2016', '12', '2019', '11', 'MAWLAMYAING 工科大学', '電気通信学', '技術専門学校 ３年生 卒業'),
(163, '173', '2008', '06', '2019', '03', 'NO. (2) 高等学校', '経済', '高校生　　　卒業'),
(164, '171', '2010', '06', '2015', '02', 'LATTPANKONE 高等学校（分校）', 'ー', '小学校　　卒業 '),
(165, '171', '2015', '06', '2022', '03', 'KONCHAN  高等学校（分校）', 'ー', '高校生　　卒業'),
(166, '168', '2007', '06', '2016', '02', 'KYWE 高等学校', 'ー', '中学校　　　卒業'),
(167, '168', '2016', '06', '2019', '03', 'MONYWA 高等学校', '経済', '高校生　　　卒業'),
(172, '167', '2003', '06', '2016', '03', 'KYARTAK 高等学校', '生物学', '高校生　　　卒業'),
(173, '167', '2016', '12', '2019', '09', 'MONYWAR 大学', '動物学', '大学　３年生　卒業'),
(174, '174', '2008', '06', '2018', '02', 'HLAINGTHARYAR 高等学校', '経済', '高校生　　卒業'),
(176, '170', '2007', '06', '2017', '02', 'KWYALKAN 高等学校', '生物学', '高校生　1年　　卒業'),
(177, '170', '2017', '06', '2019', '03', 'KYAUKPADAUNG 高等学校', '生物学', '高校生　　　卒業'),
(178, '172', '2006', '06', '2015', '02', 'DAYAL 中学校', 'ー', '中学校　　　卒業'),
(179, '172', '2015', '06', '2017', '03', 'KALWE 高等学校', '経済', '高校生　　　卒業'),
(180, '172', '2017', '12', '2019', '09', 'MAWLAMYAING 大学', '物理学', '大学　2年生　　　卒業'),
(181, '169', '2005', '06', '2018', '03', 'KYADET 高等学校', '経済', '高校生　　　卒業'),
(182, '169', '2019', '10', '2019', '11', 'MONYWA 大学', '東洋学', '大学　１年生、卒業'),
(183, '166', '2003', '06', '2011', '02', 'TAWSEINT 高等学校', 'ー', '中学校　3年生　　卒業'),
(184, '166', '2011', '06', '2014', '02', 'TAPTWIN  高等学校', '経済', '高校生　1年　　卒業'),
(185, '166', '2014', '06', '2016', '03', 'SINPHYUKYUN 高等学校', '経済', '高校生　　　卒業'),
(186, '166', '2016', '12', '2019', '09', 'YENANCHAUNG 大学', '歴史学', '大学　3年生　　卒業'),
(187, '165', '2004', '06', '2012', '02', 'KYATTE 中学校', 'ー', '中学校　3年生　　卒業'),
(188, '165', '2012', '06', '2014', '02', 'NO (1) PYAWBWE 高等学校', '経済', '高校生　1年　　卒業'),
(195, '177', '2007', '06', '2018', '03', 'DINEKAUNGKONE 高等学校', '経済', '高校生　　卒業'),
(196, '177', '2018', '12', '2020', '03', 'MEIKTILA 大学', '地理学', '大学　1年　卒業'),
(199, '181', '2003', '06', '2013', '02', 'NO (3) BAGO 高等学校', '生物学', '高校生　1年　　卒業'),
(200, '182', '2009', '06', '2019', '02', 'UPPER PANNNYO 高等学校', '経済', '高校生　1年　　卒業'),
(201, '0016/01', '2009', '06', '2019', '02', 'NO (10) WEST SHAWPHYUKONE 高等学校 ', '経済', '高校生　1年　　卒業'),
(202, '0033', '2007', '06', '2018', '03', 'NO (1) BAGO　高等学校', '生物学', '高校生　　卒業'),
(203, '0006', '2006', '06', '2015', '02', 'SHWEYAUNGTAW 高等学校', 'ー', '中学校　　　卒業'),
(204, '0006', '2015', '06', '2019', '03', 'NO (2) MINBU 高等学校', '芸術科目', '高校生　　　卒業'),
(205, '185', '2008', '06', '2017', '02', 'NO (18）THARKAYTA 中学校', 'ー', '中学校　　　卒業'),
(206, '185', '2017', '06', '2020', '03', 'NO (04) THARKAYTA 高等学校', '生物学', '高校生　　　卒業'),
(207, '210', '2005', '06', '2017', '02', 'KAROPI 高等学校', '経済', '高校　1年　　卒業'),
(208, '210', '2017', '06', '2018', '03', 'THANBYUZAYAT 高等学校', '経済', '高校　　卒業'),
(209, '210', '2018', '12', '2020', '03', 'MAWLAMYAING 大学', '化学', '大学　2年　卒業'),
(215, '212', '2006', '06', '2010', '02', 'KHIN TAN GYI 小学校', 'ー', '小学校　　卒業 '),
(216, '212', '2010', '06', '2014', '02', 'SISONEKONE', 'ー', '中学校　　　卒業'),
(217, '212', '2014', '06', '2016', '03', 'PENWEKONE 高等学校', '経済', '高校　　卒業'),
(218, '212', '2017', '11', '2020', '10', 'TAUNGOO 大学', '地理学', '大学　３年　卒業'),
(219, '211', '2006', '06', '2011', '02', 'KAWTDUK 高等学校', 'ー', '小学校　　卒業 '),
(220, '211', '2011', '06', '2018', '03', 'THANBYUZAYAT 高等学校', '経済', '高校　　　卒業'),
(221, '211', '2018', '12', '2020', '03', 'MAWLAMYAING 大学', '物理学', '大学　2年　卒業'),
(222, '214', '2007', '06', '2012', '02', 'TAYOTETAN 中学校', 'ー', '小学校　　卒業 '),
(223, '214', '2012', '06', '2015', '02', 'KAROPI 高等学校', 'ー', '中学校　３年　　卒業 '),
(224, '213', '2005', '06', '2010', '02', 'SANKAN 中学校', 'ー', '中学校　　　卒業'),
(225, '213', '2010', '06', '2017', '03', 'MINGALARDON 高等学校', '生物学', '高校　　卒業'),
(226, '213', '2017', '12', '2020', '03', 'DAGON 大学', '化学', '大学　1年　卒業'),
(227, '215', '2010', '06', '2015', '02', 'NO (9) KAMARNAT 高等学校', 'ー', '小学校　　卒業 '),
(228, '215', '2015', '06', '2022', '03', 'NO (8) BAGO 高等学校', '生物学', '高校　　卒業'),
(229, '215', '2019', '06', '2020', '05', 'CORONA 観戦病のせいで', 'ー', '1年間　休学した'),
(230, '0179', '2004', '06', '2015', '03', 'BOKEPYIN 高等学校', '経済', '高校　　卒業'),
(231, '0179', '2016', '10', '2019', '11', 'MAWLAMYINE 大学（通信）', '地理学', '大学　2年　卒業'),
(232, '216', '1997', '06', '2008', '03', 'WAW 高等学校', '生物学', '高校　　卒業'),
(233, '216', '2009', '10', '2011', '11', 'BAGO 大学（通信）', '数学', '大学　　卒業'),
(234, '0057', '2004', '06', '2017', '03', 'KAMARKALOTE 高等学校', '経済', '高校、　　　卒業'),
(235, '0057', '2017', '12', '2019', '09', 'EAST YANGON 大学', '物理学', '大学　２年、　　　卒業'),
(236, '232', '2005', '06', '2009', '2', 'THABOTKAN 中学校', 'ー', '小学校　　卒業 '),
(237, '232', '2009', '06', '2013', '2', 'NAUNG PATTAYA 高等学校', 'ー', '中学校　　卒業 '),
(238, '232', '2013', '06', '2016', '3', 'NO. 1 BAGO 高等学校', '生物学', '高校　　　卒業'),
(239, '232', '2016', '12', '2020', '3', 'TAUNGOO 工科大学', '機械的動力学部', '大学　３年　　　卒業 '),
(240, '233', '2006', '06', '2011', '02', 'NO (14) NAYPYITAW 高等学校', 'ー', '小学校　　卒業 '),
(241, '233', '2011', '06', '2015', '02', 'NO (1) SAIKMA  高等学校', 'ー', '中学校　　卒業 '),
(242, '233', '2015', '06', '2018', '03', 'NO (14) NAYPYITAW 高等学校', '経済', '高校       　卒業'),
(243, '234', '2009', '06', '2014', '02', 'NO (2) KYIMINDINE 高等学校', 'ー', '小学校　　卒業 '),
(244, '234', '2014', '06', '2020', '03', 'NO (2) INNSEIN 高等学校', '生物学', '高校生　　卒業'),
(245, '235', '2005', '06', '2013', '02', 'NO (2) DAIKU 高等学校', 'ー', '中学校　　　卒業'),
(246, '235', '2013', '06', '2015', '03', 'NO (2) DAIKU 高等学校', '経済', '高校　1年　　卒業'),
(247, '335', '1999', '06', '2010', '03', 'NYAUNGCHAYHTUK 高等学校', '経済', '高校、　　　卒業'),
(248, '335', '2023', '01', '2024', '02', 'GOEN LANGUAGE&TRAINING CENTER', '日本語', 'N3　合格した'),
(249, '83', '2022', '11', '2024', '02', 'GOEN LANGUAGE & TRAINING CENTER', '日本語', 'N3　勉強中'),
(250, '337', '2007', '06', '2012', '02', 'NO (13) 小学校', 'ー', '小学校　　卒業 '),
(251, '337', '2012', '06', '2018', '03', 'NO (3) 高等学校', '経済', '高校　　　卒業'),
(252, '337', '2018', '06', '2020', '03', 'DAGON 大学', 'ミャンマー語', '大学、1年　卒業'),
(253, '337', '2022', '07', '2024', '02', 'GOEN Language & Training Center', '日本語', 'N３　 勉強中'),
(254, '338', '2008', '06', '2013', '02', 'NO (8) THINGANKYUN 小学校', 'ー', '小学校、　　卒業 '),
(255, '338', '2013', '06', '2019', '03', 'NO (1) THINGANKYUN 高等学校', '生物学', '高校　　　　卒業'),
(256, '338', '2019', '12', '2020', '03', 'DAGON 大学', '化学', '大学　１年　卒業'),
(257, '338', '2022', '07', '2024', '02', 'GOEN Language & Training Centetr', '日本語', 'N2　勉強中'),
(258, '339', '2005', '06', '2010', '02', 'NO.(13) NORTH DAGON 小学校', 'ー', '小学校、卒業 '),
(259, '339', '2010', '06', '2016', '02', 'NO.(７) NAYPYIDAW 高等学校', '生物学', '高校、卒業'),
(260, '339', '2016', '12', '2019', '09', 'KYAUKSE 大学', '英語', '大学、卒業'),
(261, '339', '2023', '09', '2024', '02', 'GOEN LANGUAGE & TRAINING CENTER', '日本語', 'N3　勉強中'),
(262, '210', '2022', '11', '2024', '02', 'GOEN LANGUAGE & TRAINING CENTER', '日本語', 'N3　勉強中'),
(263, '214', '2023', '05', '2024', '02', 'GOEN LANGUAGE & TRAINING CENTER', '日本語', 'N3　勉強中'),
(264, '22', '2019', '06', '2020', '09', 'MAWLAMYAING 大学', '地理学', '大学　1年　自習退学'),
(265, '22', '2022', '07', '2024', '02', 'GOEN LANGUAGE & TRAINING CENTER', '日本語', 'N3　勉強中'),
(266, '27', '2022', '07', '2024', '02', 'GOEN LANGUAGE & TRAINING CENTER', '日本語', 'N2 勉強中'),
(267, '75', '2019', '12', '2020', '03', 'DAGON   大学', '国際関係学', '大学　2年　自習退学'),
(268, '75', '2022', '07', '2024', '02', 'GOEN LANGUAGE & TRAINING CENTER', '日本語', 'N3　勉強中'),
(269, '97', '2022', '07', '2024', '02', 'GOEN LANGUAGE & TRAINING CENTER', '日本語', 'N3　勉強中'),
(270, '100', '2023', '02', '2024', '02', 'GOEN LANGUAGE & TRAINING CENTER', '日本語', 'N3　勉強中'),
(271, '28', '2022', '10', '2024', '02', 'GOEN LANGUAGE & TRAINING CENTER', '日本語', 'N2 勉強中'),
(272, '340', '1999', '06', '2007', '02', 'WEST 中学校 ', 'ー', '中学校、3年、卒業'),
(273, '340', '2007', '06', '2009', '02', 'NO (1) KYAUKTAN 高等学校', '経済 ', '高校 1年、 卒業'),
(274, '340', '2009', '06', '2010', '03', 'NO (1) KYAUKTAN 高等学校 ', '経済 ', ' 高校 2年、 自主退学'),
(275, '340', '2022', '07', '2024 ', '02', 'GOEN LANGUAGE & TRAINING CENTER ', '日本語', 'N3 勉強中');

-- --------------------------------------------------------

--
-- Table structure for table `family_info`
--

CREATE TABLE `family_info` (
  `family_info_id` int(11) NOT NULL,
  `student_id` varchar(255) NOT NULL,
  `family_member` varchar(255) NOT NULL,
  `family_member_type` varchar(255) NOT NULL,
  `family_member_age` int(11) NOT NULL,
  `family_member_job` text NOT NULL,
  `cbtype` varchar(20) NOT NULL,
  `relative` varchar(10) NOT NULL,
  `jp_family_member` varchar(255) DEFAULT NULL,
  `accept` varchar(10) NOT NULL
) ENGINE=InnoDB DEFAULT CHARSET=utf8 COLLATE=utf8_unicode_ci;

--
-- Dumping data for table `family_info`
--

INSERT INTO `family_info` (`family_info_id`, `student_id`, `family_member`, `family_member_type`, `family_member_age`, `family_member_job`, `cbtype`, `relative`, `jp_family_member`, `accept`) VALUES
(1, '0314/04', 'U MUNG LIN', '父', 44, '農業', 'stay', '無し', '', '有'),
(2, '0314/04', 'DAW KHING KHING WIN', '母', 43, '農業', 'stay', '無し', '', '有'),
(3, '0001', 'U SOE MIN THAN', '父', 46, '売店', 'stay', '無し', '-', '賛成'),
(4, '0001', 'DAW KHIN THAN HTAY', '母', 45, '売店', 'stay', '無し', '-', '賛成'),
(5, '0001', 'THAN HTUT AUNG', '弟', 17, '学生', 'stay', '無し', '-', '賛成'),
(6, '0001', 'YAMONE', '妹', 7, '学生', 'stay', '無し', '-', '賛成'),
(7, '30', 'U CHIT ', '父', 63, '引退', 'stay', '無し', '―', '賛成'),
(8, '30', 'U CHIT ', '父', 63, '引退', 'stay', '無し', '―', '賛成'),
(9, '30', 'DAW TIN', '母', 58, '銀行員', 'stay', '無し', '―', '賛成'),
(10, '30', 'HTET LU', '兄', 25, '銀行員', 'stay', '無し', '―', '賛成'),
(11, '31', 'U CHIT ', '父', 67, '売店', 'stay', '無し', 'ーー', '賛成'),
(12, '31', 'DAW TIN', '母', 58, '売店', 'stay', '無し', 'ーー', '賛成'),
(13, '31', 'BONE KHANT', '弟', 14, '学生', 'stay', '無し', 'ーー', '賛成'),
(14, '20', 'U MIN ZAW', '父', 56, '園芸作業', 'stay', '無し', 'ーー', '賛成'),
(15, '20', 'DAW AYE AYE MU', '母', 44, '畳作り', 'stay', '無し', 'ーー', '賛成'),
(16, '20', 'NYAN MIN OO', '弟', 22, '稼業を手伝う', 'stay', '無し', 'ーー', '賛成'),
(17, '20', 'KUNG ZIN HTET', '弟', 20, '建設業', 'away', '無し', 'ーー', '賛成'),
(18, '20', 'EI PHOO WAI', '妹', 15, '学生', 'stay', '無し', 'ーー', '賛成'),
(19, '20', 'ZIN WAI AUNG', '弟', 7, '学生', 'stay', '無し', 'ーー', '賛成'),
(23, '23', 'U TIN NYO', '父', 57, '農業', 'stay', '無し', 'ーー', '賛成'),
(24, '23', 'DAW THAN WIN', '母', 54, '農業', 'stay', '無し', 'ーー', '賛成'),
(25, '23', 'PHYU SIN MYINT MYAT', '妹', 14, '学生', 'stay', '無し', 'ーー', '賛成'),
(26, '24', 'U MYINT KHAING', '父', 0, '死', 'away', '無し', 'ーー', '賛成'),
(27, '24', 'DAW YI YI CHO', '母', 44, '農業', 'stay', '無し', 'ーー', '賛成'),
(28, '24', 'PAN EI KHAING', '妹', 18, '学生', 'stay', '無し', 'ーー', '賛成'),
(29, '24', 'HLAING EI PHYU', '妹', 16, '学生', 'stay', '無し', 'ーー', '賛成'),
(30, '24', 'MOE MYINT HTET', '弟', 13, '学生', 'stay', '無し', 'ーー', '賛成'),
(31, '24', 'MOE MYINT SAN', '弟', 10, '学生', 'stay', '無し', 'ーー', '賛成'),
(32, '24', 'SHWE YOKE HLWAR', '妹', 6, '学生', 'stay', '無し', 'ーー', '賛成'),
(33, '25', 'U THANT ZAW', '父', 57, '販売', 'stay', '無し', 'ーー', '賛成'),
(34, '25', 'DAW SAN SAN AYE', '母', 53, '主婦', 'stay', '無し', 'ーー', '賛成'),
(35, '25', 'PYAE PHYO KYAW', '弟', 23, '学生', 'stay', '無し', 'ーー', '賛成'),
(36, '25', 'THIN SU MYAT PAN', '妹', 21, '学生', 'stay', '無し', 'ーー', '賛成'),
(37, '26', 'U WAI LWIN', '父', 60, '販売', 'stay', '無し', 'ーー', '賛成'),
(38, '26', 'DAW AYE AYE MYINT', '母', 57, '主婦', 'stay', '無し', 'ーー', '賛成'),
(39, '27', 'U MAUNG TOE', '父', 47, '床屋', 'stay', '無し', 'ーー', '賛成'),
(40, '27', 'DAW KYI SAN', '母', 48, '主婦', 'stay', '無し', 'ーー', '賛成'),
(41, '27', 'HNIN THEINGI ', '妹', 12, '学生', 'stay', '無し', 'ーー', '賛成'),
(46, '29', 'U AYE MYINT', '父', 46, '家具を作る', 'stay', '無し', 'ーー', '賛成'),
(47, '29', 'DAW KHIN MAR AYE', '母', 45, '縫製', 'stay', '無し', 'ーー', '賛成'),
(48, '29', 'ZIN MIN MAUNG', '弟', 12, '学生', 'stay', '無し', 'ーー', '賛成'),
(49, '30', 'U HTUT KEE', '父', 63, '農業', 'stay', '無し', 'ーー', '賛成'),
(50, '30', 'DAW NAN EAIN', '母', 59, '死', 'away', '無し', 'ーー', '賛成'),
(51, '30', 'KUN MYO ZET', '兄', 28, '運転手', 'stay', '無し', 'ーー', '賛成'),
(52, '31', 'U MYINT THAN', '父', 53, '売店', 'away', '無し', 'ーー', '賛成'),
(53, '31', 'DAW BABY SAN', '母', 52, '売店', 'away', '無し', 'ーー', '賛成'),
(54, '30', 'U HTUT KEE', '父', 63, '農業', 'stay', '無し', 'ーー', '賛成'),
(55, '30', 'DAW NANG EAINN', '母', 53, '農業', 'stay', '無し', 'ーー', '賛成'),
(56, '30', 'NANG LUNN', '姉', 29, '農業', 'stay', '無し', 'ーー', '賛成'),
(57, '30', 'KUN MYO ZETT', '兄', 27, 'ドライバー', 'stay', '無し', 'ーー', '賛成'),
(58, '30', 'U HTUT KEE', '父', 63, '農業', 'stay', '無し', 'ーー', '賛成'),
(59, '30', 'DAW NANG EAIN', '母', 53, '農業', 'stay', '無し', 'ーー', '賛成'),
(60, '30', 'NANG LONN', '姉', 29, '農業', 'stay', '無し', 'ーー', '賛成'),
(61, '30', 'KUN MYO Z', '兄', 27, '運転手', 'stay', '無し', 'ーー', '賛成'),
(62, '30', 'U MUNG LIN', '父', 53, '農業', 'stay', '無し', 'ーー', '賛成'),
(63, '30', 'DAW EI EI', '母', 50, '農業', 'stay', '無し', 'ーー', '賛成'),
(64, 'Voluptates non sed r', 'Dolorum velit possim', 'Molestias libero tem', 50, 'Ullam magni exercita', 'away', '無し', 'Velit in exercitatio', '賛成'),
(65, 'Voluptates non sed r', 'Omnis fugit officia', 'Vitae dolor quaerat ', 29, 'Maiores cum nihil nu', 'stay', '無し', 'Velit in exercitatio', '賛成'),
(66, '30', 'U CHIT ', '父', 63, '農業', 'stay', '無し', 'ーー', '賛成'),
(67, '30', 'DAW TIN', '母', 58, '農業', 'stay', '無し', 'ーー', '賛成'),
(68, '030', 'U CHIT ', '父', 69, '農業', 'stay', '無し', 'ーー', '賛成'),
(69, '030', 'DAW YI', '母', 58, '農業', 'stay', '無し', 'ーー', '賛成'),
(70, '31', 'U MYINT THAN', '父', 53, '死', 'away', '無し', 'ーー', '賛成'),
(71, '31', 'DAW BABY SAN', '母', 52, '死', 'away', '無し', 'ーー', '賛成'),
(72, '41', 'U MAUNG MAUNG THU', '父', 51, '農業', 'away', '無し', 'ーー', '賛成'),
(73, '41', 'DAW AYE AYE SAN', '母', 54, '農業', 'away', '無し', 'ーー', '賛成'),
(74, '41', 'MIN MIN THU', '兄', 29, '農業', 'away', '無し', 'ーー', '賛成'),
(75, '41', 'JUN SHANE THU', '男', 13, '学生', 'away', '無し', 'ーー', '賛成'),
(76, '42', 'U AUNG HLAING', '父', 62, '農業', 'away', '無し', 'ーー', '賛成'),
(77, '42', 'DAW HTAR YEE', '母', 63, '農業', 'away', '無し', 'ーー', '賛成'),
(78, '43', 'U THEIN MYINT', '父', 52, '農業', 'stay', '無し', 'ーー', '賛成'),
(79, '43', 'DAW SAN ', '母', 52, '農業', 'stay', '無し', 'ーー', '賛成'),
(80, '43', 'HAY MAR HNIN', '姉', 31, '主婦', 'away', '無し', 'ーー', '賛成'),
(81, '43', 'YE THU AUNG', '兄', 26, '農業', 'stay', '無し', 'ーー', '賛成'),
(82, '8', 'U KYAW WIN NAING', '父', 45, '農業', 'stay', '無し', 'ーー', '賛成'),
(83, '8', 'DAW KHIN HTAR MUU', '母', 46, '農業', 'stay', '無し', 'ーー', '賛成'),
(84, '8', 'PHYU PHYU AYE', '姉', 20, '農業', 'away', '無し', 'ーー', '賛成'),
(85, '8', 'INGYINN CHERRY KO KO', '妹', 18, '学生', 'stay', '無し', 'ーー', '賛成'),
(86, '8', 'LAPYAE WONN', '妹', 16, '学生', 'stay', '無し', 'ーー', '賛成'),
(87, '8', 'HAYMAN PHYO', '妹', 6, '学生', 'stay', '無し', 'ーー', '賛成'),
(88, '39', 'U ZAW WIN', '父', 48, '農業', 'stay', '無し', 'ーー', '賛成'),
(89, '39', 'DAW MOE MOE SWE', '母', 47, '農業', 'stay', '無し', 'ーー', '賛成'),
(90, '39', 'AUNG THET PAING', '兄', 28, '農業', 'stay', '無し', 'ーー', '賛成'),
(91, '39', 'PANN MYAT NOE', '妹', 18, '学生', 'stay', '無し', 'ーー', '賛成'),
(92, '3', 'U SEIN HTAY', '父', 52, '農業', 'stay', '無し', 'ーー', '賛成'),
(93, '3', 'DAW THAN HTAY', '母', 54, '蓄積業', 'stay', '無し', 'ーー', '賛成'),
(94, '3', 'AYE MYINT AUNG', '姉', 30, '蓄積業', 'stay', '無し', 'ーー', '賛成'),
(95, '3', 'THAE MAR KYAW', '姉', 28, 'ステーキ屋', 'away', '無し', 'ーー', '賛成'),
(96, '52', 'U ZAW THAN U', '父', 52, '農業', 'stay', '無し', 'ーー', '賛成'),
(97, '52', 'DAW MYA SAN', '母', 53, '農業', 'stay', '無し', 'ーー', '賛成'),
(98, '52', 'ZU ZIN MYINT', '姉', 27, '社員', 'stay', '無し', 'ーー', '賛成'),
(99, '52', 'PYAE SONE AUNG', '弟', 10, '学生', 'stay', '無し', 'ーー', '賛成'),
(100, '53', 'U MYO SWE', '父', 54, '売店', 'stay', '無し', 'ーー', '賛成'),
(101, '53', 'DAW HTWE HTWE MU', '母', 65, '売店', 'stay', '無し', 'ーー', '賛成'),
(102, '53', 'AUNG MYO THU', '兄', 30, '社員', 'away', '無し', 'ーー', '賛成'),
(105, '51', 'U HTUN THEIN', '父', 46, '農業', 'stay', '無し', 'ーー', '賛成'),
(106, '51', 'DAW NANT WAH WAH HTUN', '母', 45, '農業', 'stay', '無し', 'ーー', '賛成'),
(107, '51', 'PAYE SONE PHYO', '弟', 16, '学生', 'stay', '無し', 'ーー', '賛成'),
(108, '51', 'NANT AYE NGU WAH HTUN', '妹', 8, '学生', 'stay', '無し', 'ーー', '賛成'),
(109, '54', 'U SOE LWIN', '父', 42, '死', 'away', '無し', 'ーー', '賛成'),
(110, '54', 'DAW THIDAR', '母', 48, '売店', 'stay', '無し', 'ーー', '賛成'),
(111, '59', 'U KHIN ZAW WIN', '父', 49, '農業', 'stay', '無し', 'ーー', '賛成'),
(112, '59', 'DAW WAR WAR LWIN', '母', 49, '農業', 'stay', '無し', 'ーー', '賛成'),
(113, '59', 'MIN THU KYAW', '兄', 22, '学生', 'stay', '無し', 'ーー', '賛成'),
(114, '59', 'ZIN LAY NWE', '妹', 17, '学生', 'stay', '無し', 'ーー', '賛成'),
(115, '59', 'KUNG KHANT MIN', '弟', 9, '学生', 'stay', '無し', 'ーー', '賛成'),
(118, '76', 'U HTEIN LIN', '父', 50, '会社員', 'stay', '無し', 'ーー', '賛成'),
(119, '76', 'DAW KYI KYI AYE', '母', 54, '主婦', 'stay', '無し', 'ーー', '賛成'),
(120, '50', 'UOO SOE WIN', '父', 56, 'マネージャー', 'stay', '無し', 'ーー', '賛成'),
(121, '50', 'DAW AYE AYE THAN', '母', 47, '主婦', 'stay', '無し', 'ーー', '賛成'),
(122, '50', 'PHYO HTET KHAING', '妹', 23, '学生', 'stay', '無し', 'ーー', '賛成'),
(123, '50', 'PHYO MYAT', '弟', 20, '学生', 'stay', '無し', 'ーー', '賛成'),
(124, '58', 'U MIN MAUNG MYINT', '父', 52, '', 'away', '無し', 'ーー', '賛成'),
(125, '58', 'DAW THAN AYE', '母', 61, '', 'away', '無し', 'ーー', '賛成'),
(126, '58', 'MYO ZAW OO', '弟', 26, '', 'away', '無し', 'ーー', '賛成'),
(127, '68', 'U KYAW SINT ', '父', 65, '売店', 'stay', '無し', 'ーー', '賛成'),
(128, '68', 'DAW SAW MYINT', '母', 66, '売店', 'stay', '無し', 'ーー', '賛成'),
(129, '68', 'EI EI THWE', '姉', 43, '売店', 'stay', '無し', 'ーー', '賛成'),
(130, '68', 'CHO ZAR WIN', '姉', 41, '売店', 'stay', '無し', 'ーー', '賛成'),
(131, '68', 'AYE MYAT THU', '姉', 40, '売店', 'stay', '無し', 'ーー', '賛成'),
(132, '68', 'SU THET MON', '姉', 38, '売店', 'stay', '無し', 'ーー', '賛成'),
(133, '68', 'HONEY TUN', '姉', 36, '売店', 'stay', '無し', 'ーー', '賛成'),
(134, '68', 'ZIN CHO KYAW', '姉', 35, '売店', 'stay', '無し', 'ーー', '賛成'),
(135, '68', 'THET THET TUN', '姉', 32, '売店', 'stay', '無し', 'ーー', '賛成'),
(136, '68', 'TIN AUNG KYAW', '弟', 23, '売店', 'stay', '無し', 'ーー', '賛成'),
(137, '71', 'U SOE THAN', '父', 49, '売店', 'stay', '無し', 'ーー', '賛成'),
(138, '71', 'DAW MYA MYA', '母', 43, '売店', 'stay', '無し', 'ーー', '賛成'),
(139, '71', 'THAR NYI LWIN', '弟', 20, '学生', 'stay', '無し', 'ーー', '賛成'),
(140, '75', 'U SEIN THAUNG ', '父', 61, '農業（ゴム）', 'stay', '無し', 'ーー', '賛成'),
(141, '75', 'DAW OHNN MAY', '母', 61, '農業（ゴム）', 'stay', '無し', 'ーー', '賛成'),
(147, '69', 'U AUNG WIN ', '父', 55, '売店', 'stay', '無し', 'ーー', '賛成'),
(148, '69', 'DAW EI THANDAR WIN', '母', 37, '死', 'away', '無し', 'ーー', '賛成'),
(149, '69', 'MIN MIN OO', '兄', 19, '学生', 'stay', '無し', 'ーー', '賛成'),
(150, '78', 'U KYAW SENT', '父', 65, '売店', 'stay', '無し', 'ーー', '賛成'),
(151, '78', 'DAW SAW MYINT', '母', 67, '主婦', 'stay', '無し', 'ーー', '賛成'),
(152, '78', 'EI EI THWE', '姉', 45, '美容院', 'stay', '無し', 'ーー', '賛成'),
(153, '78', 'AYE MYAT THU', '姉', 41, '売店', 'stay', '無し', 'ーー', '賛成'),
(154, '78', 'HONEY TUN', '姉', 36, '売店', 'stay', '無し', 'ーー', '賛成'),
(155, '78', 'THET THET TUN', '姉', 31, '売店', 'stay', '無し', 'ーー', '賛成'),
(156, '3', 'U SEIN HTAY', '父', 52, '農業', 'stay', '無し', 'ーー', '賛成'),
(157, '3', 'DAW THAN HTAY', '母', 54, '畜産業', 'stay', '無し', 'ーー', '賛成'),
(158, '3', 'AYE MYINT AUNG', '姉', 30, '畜産業', 'stay', '無し', 'ーー', '賛成'),
(159, '3', 'THAE MAR KYAW', '姉', 28, '畜産業', 'away', '無し', 'ーー', '賛成'),
(160, '3', 'HTET HTET AUNG', '姉', 24, '畜産業', 'away', '無し', 'ーー', '賛成'),
(161, '79', 'U SEIN HTAY', '父', 52, '農業', 'stay', '無し', 'ーー', '賛成'),
(162, '79', 'DAW THAN HTAY', '母', 54, '畜産業', 'stay', '無し', 'ーー', '賛成'),
(163, '79', 'AYE MYINT AUNG', '姉', 30, '畜産業', 'stay', '無し', 'ーー', '賛成'),
(164, '79', 'THAE MAR KYAW', '姉', 28, 'ステーキ屋', 'away', '無し', 'ーー', '賛成'),
(165, '79', 'HTET HTET AUNG', '姉', 24, '畜産業', 'away', '無し', 'ーー', '賛成'),
(168, '81', 'U YE MYINT OO', '父', 48, 'いろいろな仕事', 'away', '無し', 'ーー', '賛成'),
(169, '81', 'DAW CHO CHO NAING', '母', 52, '主婦', 'away', '無し', 'ーー', '賛成'),
(170, '81', 'NYAN LIN HTET', '弟', 17, '学生', 'away', '無し', 'ーー', '賛成'),
(171, '82', 'U Kyaw Soe Win', '父', 53, '農業', 'stay', '無し', 'ーー', '賛成'),
(172, '82', 'Daw Than Han', '母', 52, '農業', 'stay', '無し', 'ーー', '賛成'),
(173, '82', 'Ma Ei Hnin Oo', '姉', 31, '魚とかえびの製造', 'away', '無し', 'ーー', '賛成'),
(174, '83', 'U Kyaw Myo', '父', 55, '農業(米,豆)', 'stay', '無し', 'ーー', '賛成'),
(175, '83', 'Daw Mar Mar Oo', '母', 54, '農業(米,豆)', 'stay', '無し', 'ーー', '賛成'),
(181, '85', 'U TIN MUNG NYUNT', '父', 50, '農業(お茶）', 'stay', '無し', 'ーー', '賛成'),
(182, '85', 'DAW KHIN NYO', '母', 50, '農業(お茶）', 'stay', '無し', 'ーー', '賛成'),
(183, '85', 'SOE PAING', '兄', 28, '農業(お茶）', 'away', '無し', 'ーー', '賛成'),
(184, '85', 'YAN LIN HTET', '弟', 23, '農業(お茶）', 'stay', '無し', 'ーー', '賛成'),
(185, '85', 'KYAW SAN LINN', '弟', 19, '学生', 'stay', '無し', 'ーー', '賛成'),
(186, '87', 'U THAUNG WIN ', '父', 57, '農業', 'stay', '無し', '', '賛成'),
(187, '87', 'DAW WIN KYI', '母', 57, '農業', 'stay', '無し', '', '賛成'),
(188, '87', 'KHIN MYO THU', '姉', 36, '農業', 'stay', '無し', '', '賛成'),
(189, '87', 'AUNG KO KO', '兄', 34, '農業', 'stay', '無し', '', '賛成'),
(190, '87', 'SWE SWE WIN', '姉', 28, 'エンジニア', 'stay', '無し', '', '賛成'),
(191, '87', 'PYAE PHYO KYAW', '弟', 25, '運転手', 'stay', '無し', '', '賛成'),
(192, '87', 'PYAE PHYO ZAW', '弟', 21, '学生', 'stay', '無し', '', '賛成'),
(193, '95', 'U SEIN WIN ', '父', 60, 'ホテル', 'away', '無し', 'ーー', '賛成'),
(194, '95', 'DAW MYINT MYINT NWE', '母', 53, '主婦', 'away', '無し', 'ーー', '賛成'),
(195, '95', 'KHIN LAT LAT SOE', '姉', 33, '売店', 'away', '無し', 'ーー', '賛成'),
(196, '95', 'WIN LAT LAT MOE', '姉', 32, '美容師', 'away', '無し', 'ーー', '賛成'),
(197, '95', 'CHAN NYEIN AUNG', '弟', 16, '学生', 'away', '無し', 'ーー', '賛成'),
(198, '96', 'U PHONE MOE', '父', 63, '農業', 'away', '無し', 'ーー', '賛成'),
(199, '96', 'DAW MYA HMWE', '母', 55, '死亡', 'away', '無し', 'ーー', '賛成'),
(200, '96', 'MYA MYA', '姉', 35, '農業', 'away', '無し', 'ーー', '賛成'),
(201, '96', 'MOE KYAW KYAW', '兄', 32, '農業', 'away', '無し', 'ーー', '賛成'),
(202, '96', 'KYAW MIN TUN', '弟', 24, '農業', 'away', '無し', 'ーー', '賛成'),
(203, '97', 'U SOE MYINT ', '父', 49, '車の整備', 'stay', '無し', 'ーー', '賛成'),
(204, '97', 'DAW MAW MAW WAI', '母', 50, '主婦', 'stay', '無し', 'ーー', '賛成'),
(205, '97', 'PHYO MIN KO', '弟', 25, '学生', 'stay', '無し', 'ーー', '賛成'),
(206, '97', 'YAN NAING KO', '弟', 19, '学生', 'stay', '無し', 'ーー', '賛成'),
(207, '98', 'U WIN TNINT', '父', 66, '農業', 'stay', '無し', 'ーー', '賛成'),
(208, '98', 'DAW KYI NYUNT', '母', 65, '農業', 'stay', '無し', 'ーー', '賛成'),
(209, '98', 'U AUNG MOE', '兄', 40, '農業', 'stay', '無し', 'ーー', '賛成'),
(210, '98', 'THIN THIN LE', '姉', 37, '農業', 'stay', '無し', 'ーー', '賛成'),
(211, '100', 'U THAN MYINT', '父', 54, '売店 (八百屋）', 'stay', '無し', 'ーー', '賛成'),
(212, '100', 'DAW SAN SAN MYA', '母', 54, '売店', 'stay', '無し', 'ーー', '賛成'),
(213, '100', 'THIN THIN AYE', '姉', 28, '会社員', 'away', '無し', 'ーー', '賛成'),
(214, '100', 'KYAUT KYAUT KHAING', '妹', 23, '学生', 'stay', '無し', 'ーー', '賛成'),
(215, '100', 'KHAING KHAING WIN', '妹', 19, '学生', 'stay', '無し', 'ーー', '賛成'),
(216, '100', 'KHIN KHIN KHAING', '妹', 16, '学生', 'stay', '無し', 'ーー', '賛成'),
(217, '100', 'MYAT MYAT HTET', '妹', 9, '学生', 'stay', '無し', 'ーー', '賛成'),
(218, '0010/01', 'U WIN THEIN', '父', 55, '喫茶店', 'stay', '無し', 'ーー', '賛成'),
(219, '0010/01', 'DAW THIDA NWE', '母', 45, '喫茶店', 'stay', '無し', 'ーー', '賛成'),
(220, '0010/01', 'YAMIN', '妹', 15, '学生', 'stay', '無し', 'ーー', '賛成'),
(221, '0010/01', 'THIHA PHYO', '弟', 12, '学生', 'stay', '無し', 'ーー', '賛成'),
(222, '125', 'U NYI NYI TUN', '父', 41, '家具業', 'stay', '無し', '―', '賛成'),
(223, '125', 'DAW NI NI CHO', '母', 40, '融資事業', 'stay', '無し', '―', '賛成'),
(224, '125', 'MA CHO MI TUN', '姉', 31, '雑貨屋', 'away', '無し', '―', '賛成'),
(225, '130', 'U WIN HTAY', '父', 53, '農業', 'stay', '無し', '―', '賛成'),
(226, '130', 'DAW HLA HLA HTAY', '母', 48, '主婦', 'stay', '無し', '―', '賛成'),
(227, '130', 'PHYU ZIN HTAY', '妹', 25, '精度管理　（服工場）', 'stay', '無し', '―', '賛成'),
(228, '130', 'NI LAR MYINT', '妹', 22, '精度管理　（靴工場）', 'stay', '無し', '―', '賛成'),
(229, '135', 'U MYINT WAI', '父', 58, '農業', 'stay', '無し', '―', '賛成'),
(230, '135', 'DAW HLA AYE', '母', 55, '主婦', 'stay', '無し', '―', '賛成'),
(231, '135', 'KHIN MOE WAH', '姉', 34, '売店', 'stay', '無し', '―', '賛成'),
(232, '135', 'KYAW NAING WIN', '兄', 31, '売店', 'stay', '無し', '―', '賛成'),
(233, '135', 'KHAING MAR WAI', '妹', 25, '学生', 'stay', '無し', '―', '賛成'),
(234, '135', 'ZAW NAING WIN', '弟', 22, '学生', 'stay', '無し', '―', '賛成'),
(235, '136', 'U KHIN MAUNG THAN', '父', 57, '農業', 'stay', '無し', '―', '賛成'),
(236, '136', 'DAW OHNN HLAING', '母', 52, '死亡', 'away', '無し', '―', '賛成'),
(237, '136', 'MYO ZAW HTET', '兄', 38, '農業', 'stay', '無し', '―', '賛成'),
(238, '136', 'ZAW HEIN', '兄', 35, '農業', 'stay', '無し', '―', '賛成'),
(239, '136', 'NYI NYI HTUN', '兄', 32, '農業', 'stay', '無し', '―', '賛成'),
(240, '136', 'AYE THIDAR HLAING', '姉', 25, '農業', 'stay', '無し', '―', '賛成'),
(241, '150', 'U TIN THEIN', '父', 61, '売店', 'stay', '無し', 'ーー', '賛成'),
(242, '150', 'DAW AYE MYINT', '母', 57, '主婦', 'stay', '無し', 'ーー', '賛成'),
(243, '150', 'MYINT KO WIN', '兄', 38, 'バイクケリー', 'away', '無し', 'ーー', '賛成'),
(244, '150', 'MIN MIN KO', '兄', 36, 'バイクケリー', 'away', '無し', 'ーー', '賛成'),
(245, '150', 'THIN MYAT SOE', '妹', 22, '工場（イヤホン）', 'stay', '無し', 'ーー', '賛成'),
(246, '151', 'U MAUNG PAN SEIN', '父', 62, '農業', 'stay', '無し', 'ーー', '賛成'),
(247, '151', 'DAW SEIN CHIT', '母', 48, '主婦', 'stay', '無し', 'ーー', '賛成'),
(251, '151', 'KUN MYINT OO THAN', '兄', 41, '農業', 'away', '無し', 'ーー', '賛成'),
(252, '151', 'NAN MYINT MYINT MAW', '姉', 36, '無職', 'stay', '無し', 'ーー', '賛成'),
(253, '151', 'KUN THAN TOE AUNG', '兄', 27, '農業', 'stay', '無し', 'ーー', '賛成'),
(259, '153', 'U HTEIN LIN', '父', 62, '死亡', 'away', '無し', 'ーー', '賛成'),
(260, '153', 'DAW KHIN HTAY MON', '母', 54, '販売', 'away', '無し', 'ーー', '賛成'),
(261, '173', 'U SOE NAING', '父', 57, '運転者', 'away', '無し', '―', '賛成'),
(262, '173', 'DAW TIN TIN HTIKE', '母', 50, '主婦', 'away', '無し', '―', '賛成'),
(263, '173', 'LIN HTET NAING', '兄', 24, '運転者', 'away', '無し', '―', '賛成'),
(264, '173', 'LIN HTIKE SOE', '弟', 12, '学生', 'away', '無し', '―', '賛成'),
(265, '171', 'U KHIN MAUNG YEE', '父', 49, '農業', 'away', '無し', '―', '賛成'),
(266, '171', 'DAW KHIN SAN OO', '母', 46, '農業', 'away', '無し', '―', '賛成'),
(267, '171', 'KYAW ZIN OO', '兄', 27, '農業', 'away', '無し', '―', '賛成'),
(268, '171', 'ZIN THU ZAR', '姉', 25, '農業', 'away', '無し', '―', '賛成'),
(269, '168', 'U AUNG KYAW LINN', '父', 47, '死亡', 'away', '無し', '―', '賛成'),
(270, '168', 'DAW TIN TIN WIN', '母', 45, '農業', 'away', '無し', '―', '賛成'),
(275, '167', 'UMYA MAUNG', '父', 62, '死亡', 'stay', '無し', '―', '賛成'),
(276, '167', 'DAW AYE MYINT', '母', 61, '農業', 'stay', '無し', '―', '賛成'),
(277, '167', 'KAYTHI NAING', '姉', 45, '売店', 'stay', '無し', '―', '賛成'),
(278, '167', 'THAN ZAW OO', '兄', 42, '農業', 'away', '無し', '―', '賛成'),
(279, '167', 'KYAW SWAR WIN', '兄', 40, '喫茶店', 'stay', '無し', '―', '賛成'),
(280, '167', 'CHO MAR LWIN', '姉', 37, '売店', 'stay', '無し', '―', '賛成'),
(281, '167', 'NYEIN CHAN', '兄', 35, 'お坊さん', 'away', '無し', '―', '賛成'),
(282, '167', 'NWE NWE LWIN', '姉', 32, '売店', 'stay', '無し', '―', '賛成'),
(283, '174', 'U KHIN ZAW MIN ', '父', 48, '運転者', 'stay', '無し', '―', '賛成'),
(284, '174', 'DAW TIN MOE KHAING', '母', 48, '主婦', 'stay', '無し', '―', '賛成'),
(285, '174', 'NAY LIN OO', '弟', 18, '学生', 'stay', '無し', '―', '賛成'),
(286, '174', 'WIN KYAW LIN', '弟', 15, '学生', 'stay', '無し', '―', '賛成'),
(287, '170', 'U KYAW MIN', '父', 41, '農業', 'stay', '無し', '―', '賛成'),
(288, '170', 'DAW AYE MON', '母', 40, '主婦', 'stay', '無し', '―', '賛成'),
(289, '170', 'CHAN NYEIN THU', '弟', 13, '学生', 'stay', '無し', '―', '賛成'),
(290, '170', 'HTET AUNG LINN', '弟', 5, '学生', 'stay', '無し', '―', '賛成'),
(291, '172', 'U HLA MYO WIN', '父', 49, '農業', 'away', '無し', '―', '賛成'),
(292, '172', 'DAW AYE AYE KHAING', '母', 49, '主婦', 'away', '無し', '―', '賛成'),
(293, '172', 'THANT ZIN OO', '弟', 16, '学生', 'away', '無し', '―', '賛成'),
(294, '169', 'U HTAY WIN ', '父', 52, '農業', 'stay', '無し', '―', '賛成'),
(295, '169', 'DAW MYINT WIN', '母', 51, '農業', 'stay', '無し', '―', '賛成'),
(296, '169', 'MIN MIN SOE', '兄', 30, '農業', 'stay', '無し', '―', '賛成'),
(297, '169', 'EI EI MON', '姉', 28, 'スタッフ', 'away', '無し', '―', '賛成'),
(298, '166', 'U BO HTEIN', '父', 47, '農業', 'away', '有', '姉', '賛成'),
(299, '166', 'DAW NWET AYE', '母', 46, '主婦', 'away', '有', '姉', '賛成'),
(300, '166', 'THWE THWE AYE', '姉', 28, '介護　（日本）', 'away', '有', '姉', '賛成'),
(301, '166', 'AYE NYEIN CHAN', '弟', 23, '旋盤', 'away', '有', '姉', '賛成'),
(302, '165', 'U SOE TINT', '父', 59, '農業', 'away', '無し', '―', '賛成'),
(303, '165', 'DAW THEIN HTAY', '母', 52, '農業', 'away', '無し', '―', '賛成'),
(304, '165', 'WINE CHIT OO', '弟', 22, '学生', 'away', '無し', '―', '賛成'),
(305, '165', 'KYAL SIN OO', '弟', 13, '学生', 'away', '無し', '―', '賛成'),
(311, '177', 'U MAUNG SHWE', '父', 53, '農業', 'stay', '無し', '―', '賛成'),
(312, '177', 'DAW KYIN SAI', '母', 58, '', 'stay', '無し', '―', '賛成'),
(313, '177', 'HLA HLA WIN', '姉', 36, '', 'away', '無し', '―', '賛成'),
(321, '181', 'U HTEIN WIN', '父', 58, '茶葉を売る', 'stay', '無し', '―', '賛成'),
(322, '181', 'DAW MAW MAW LWIN', '母', 55, '主婦', 'stay', '無し', '―', '賛成'),
(323, '181', 'THU REIN TUN', '兄', 30, '即興', 'stay', '無し', '―', '賛成'),
(324, '182', 'U THAR SAN', '父', 50, '農業', 'stay', '無し', '―', '賛成'),
(325, '182', 'DAW KYI KYI WAI', '母', 55, '主婦', 'stay', '無し', '―', '賛成'),
(326, '182', 'HEIN TAY ZAR HTET', '弟', 12, '学生', 'stay', '無し', '―', '賛成'),
(327, '0016/01', 'U NGWE THEIN', '父', 50, '農業', 'away', '無し', '―', '賛成'),
(328, '0016/01', 'DAW WIN MYA', '母', 48, '農業', 'away', '無し', '―', '賛成'),
(329, '0016/01', 'THEINGI TUN', '姉', 26, '農業', 'away', '無し', '―', '賛成'),
(330, '0016/01', 'BO HLA', '姉', 23, '農業', 'away', '無し', '―', '賛成'),
(331, '0016/01', 'PYAE PHOO SONE', '妹', 9, '学生', 'away', '無し', '―', '賛成'),
(332, '0033', 'U YE WIN NAING', '父', 48, '売店', 'stay', '無し', '―', '賛成'),
(333, '0033', 'DAW KHIN NYEIN PHYU', '母', 57, '主婦', 'stay', '無し', '―', '賛成'),
(334, '0033', 'ZIN MAR WAI', '姉', 28, '売店', 'stay', '無し', '―', '賛成'),
(335, '0006', 'U OHN SHWE', '父', 63, '死亡', 'away', '無し', '―', '賛成'),
(336, '0006', 'DAW KYU KYU SAN', '母', 42, '主婦', 'away', '無し', '―', '賛成'),
(337, '0006', 'EI KAY KHAING', '姉', 24, '工場', 'away', '無し', '―', '賛成'),
(338, '185', 'U KYAW MYINT THAN', '父', 50, '運転手', 'stay', '無し', '―', '賛成'),
(339, '185', 'DAW SAN SAN TINT', '母', 50, '売店', 'stay', '無し', '―', '賛成'),
(340, '185', 'LA MIN MOH MOH', '妹', 14, '学生', 'stay', '無し', '―', '賛成'),
(341, '210', 'U TUN NAING', '父', 52, '農業(米)', 'away', '無し', '―', '賛成'),
(342, '210', 'DAW AYE KYAN', '母', 51, '主婦', 'away', '無し', '―', '賛成'),
(351, '212', 'U SAUNG MYINT', '父', 71, '農業(米)', 'stay', '無し', '―', '賛成'),
(352, '212', 'DAW YI THEIN', '母', 61, '主婦', 'stay', '無し', '―', '賛成'),
(353, '212', 'AUNG SOE THU', '兄', 30, '即興', 'stay', '無し', '―', '賛成'),
(354, '212', 'HTET THU AUNG', '兄', 27, '即興', 'stay', '無し', '―', '賛成'),
(355, '212', 'HTET WAI YAN', '弟', 19, '学生', 'stay', '無し', '―', '賛成'),
(356, '211', 'U KYAW HEIN', '父', 51, '農業(米)', 'stay', '有', '姉', '賛成'),
(357, '211', 'DAW CHERRY', '母', 47, '農業(米)', 'stay', '有', '姉', '賛成'),
(358, '211', 'AYE AYE CHAN', '姉', 29, '介護　（日本）', 'away', '有', '姉', '賛成'),
(359, '211', 'THARYAR LIN', '姉', 25, '学生', 'away', '有', '姉', '賛成'),
(360, '211', 'EI POE POE OO', '妹', 17, '学生', 'stay', '有', '姉', '賛成'),
(361, '214', 'U TUN KHAING', '父', 45, '氷工場(スタッフ)', 'away', '無し', '―', '賛成'),
(362, '214', 'DAW TIN TIN MU', '母', 44, 'キャッシャ―（レストラン)', 'away', '無し', '―', '賛成'),
(363, '214', 'HNIN SHWE YI OO', '妹', 3, 'ー', 'away', '無し', '―', '賛成'),
(364, '213', 'U AUNG KYI', '父', 71, '農業(胡麻、豆)', 'away', '無し', '―', '賛成'),
(365, '213', 'DAW KHIN KYI', '母', 61, '農業(胡麻、豆)', 'away', '無し', '―', '賛成'),
(366, '213', 'AUNG ZAW', '兄', 33, '農業(胡麻、豆)', 'away', '無し', '―', '賛成'),
(367, '215', 'U KYAW NANDA', '父', 44, '農業(米,豆)', 'stay', '無し', '―', '賛成'),
(368, '215', 'DAW WIN WIN MYAT', '母', 37, '農業(米、豆)', 'stay', '無し', '―', '賛成'),
(369, '215', 'ZAYYAR KYAW', '弟', 15, '学生', 'stay', '無し', '―', '賛成'),
(370, '215', 'WIN PYAE KYAW', '弟', 9, '学生', 'stay', '無し', '―', '賛成'),
(371, '0179', 'U WIN SHWE', '父', 54, '車部品店', 'stay', '無し', '―', '賛成'),
(372, '0179', 'DAW THET THET WIN', '母', 58, '公務員（銀行)', 'stay', '無し', '―', '賛成'),
(373, '0179', 'HTUN HTET KYAW', '兄', 30, '車部品', 'away', '無し', '―', '賛成'),
(374, '0179', 'KHINE PHOO PWINT', '妹', 16, '学生', 'stay', '無し', '―', '賛成'),
(375, '216', 'U THET OO', '父', 60, '教師（退職)', 'away', '無し', '―', '賛成'),
(376, '216', 'DAW THAN THAN SINT', '母', 60, '売店（お菓子)', 'away', '無し', '―', '賛成'),
(377, '216', 'THET HTUN OO', '兄', 38, 'スタッフ（輸出)', 'away', '無し', '―', '賛成'),
(378, '216', 'YE THIHA HTUT', '兄', 34, 'HR (NGO)', 'away', '無し', '―', '賛成'),
(379, '216', 'PHYO MG MG', '弟', 28, 'ソフト作成者', 'away', '無し', '―', '賛成'),
(380, '0057', 'U YEE SHWE', '父', 52, '農業', 'stay', '有', '姉', '賛成'),
(381, '0057', 'DAW  THIN THIN AYE', '母', 51, '主婦', 'stay', '有', '姉', '賛成'),
(382, '0057', 'KHIN YADANAR NYEIN', '姉', 25, 'お弁当工場　（日本）', 'away', '有', '姉', '賛成'),
(383, '0057', 'YE NAING HTUN', '弟', 15, '学生', 'stay', '有', '姉', '賛成'),
(384, '232', 'U HTUN WIN', '父', 56, '農業(米,豆)', 'stay', '無し', '―', '賛成'),
(385, '232', 'DAW WIN HTAY', '母', 50, '主婦', 'stay', '無し', '―', '賛成'),
(386, '232', 'YOON WATI SAN', '妹', 10, '学生', 'stay', '無し', '―', '賛成'),
(387, '233', 'U MYINT SAN', '父', 56, '農業(米、野菜)', 'away', '無し', '―', '賛成'),
(388, '233', 'DAW MYINT MYINT KHAING', '母', 55, '農業(米、野菜)', 'away', '無し', '―', '賛成'),
(389, '234', 'U AUNG KHIN SINT', '父', 50, '社員(建設会社）', 'stay', '無し', '―', '賛成'),
(390, '234', 'DAW MYINT KYI', '母', 49, '主婦', 'stay', '無し', '―', '賛成'),
(391, '234', 'BONE PYAE KYAW', '弟', 11, '学生', 'stay', '無し', '―', '賛成'),
(392, '235', 'U SOE LWIN', '父', 52, '農業(米、豆、すいか)', 'stay', '無し', '―', '賛成'),
(393, '235', 'DAW THIN MALAR', '母', 50, '主婦', 'stay', '無し', '―', '賛成'),
(394, '235', 'WINE WINE EAIN SI', '姉', 29, '売店（服）', 'stay', '無し', '―', '賛成'),
(395, '235', 'YUYA PYAE AUNG', '妹', 18, '学生', 'stay', '無し', '―', '賛成'),
(396, '335', 'U HLA HTAY', '父', 35, '死亡', 'away', '無し', '―', '賛成'),
(397, '335', 'DAW KHIN THUZAR MYINT', '母', 52, '雑貨屋', 'stay', '無し', '―', '賛成'),
(398, '335', 'MYAT KAYTHI KHAING', '妹', 26, '縫製工場', 'stay', '無し', '―', '賛成'),
(399, '335', 'AYE MYAT MON', '妹', 22, '雑貨屋', 'stay', '無し', '―', '賛成'),
(400, '337', 'U THIHA KYAW', '父', 39, '溶接', 'stay', '無し', '―', '賛成'),
(401, '337', 'DAW YIN YIN HTWE', '母', 35, '死亡', 'stay', '無し', '―', '賛成'),
(402, '337', 'BONE KHANT ZAW', '弟', 14, '学生', 'stay', '無し', '―', '賛成'),
(403, '338', 'U WIN HTAY', '父', 51, '機械工学（SUPERONE CO.,LTD)', 'stay', '無し', '―', '賛成'),
(404, '338', 'DAW HTET HTET OO', '母', 45, '主婦', 'stay', '無し', '―', '賛成'),
(405, '339', 'U CHIT SWE', '父', 66, '公務員', 'away', '無し', '―', '賛成'),
(406, '339', 'DAW TIN TIN HLA', '母', 58, '監督（ミャンマーの経済銀行）', 'away', '無し', '―', '賛成'),
(408, '339', 'HTET LU SAN', '兄', 28, '助手（ミャンマーの経済銀行)', 'away', '無し', '―', '賛成'),
(409, '22', 'U AUNG KYAW MOE', '父', 38, '死亡', 'away', '無し', 'ーー', '賛成'),
(410, '22', 'DAW TIN SHWE', '母', 50, '売店（雑貨屋）', 'stay', '無し', 'ーー', '賛成'),
(411, '22', 'ZIN THET KYAW', '兄', 24, '農業（ココナッツ）', 'stay', '無し', 'ーー', '賛成'),
(414, '75', 'KHIN WAI', '姉', 40, '農業（ゴム）', 'away', '無し', 'ーー', '賛成'),
(415, '75', 'THEIN WIN', '兄', 38, '農業（ゴム）', 'away', '無し', 'ーー', '賛成'),
(416, '75', 'LIN HTUN', '兄', 34, '農業（ゴム）', 'away', '無し', 'ーー', '賛成'),
(417, '75', 'AYE MON', '姉', 32, '農業（ゴム）', 'away', '無し', 'ーー', '賛成'),
(418, '75', 'AUNG ZAW', '兄', 30, '農業（ゴム）', 'away', '無し', 'ーー', '賛成'),
(419, '28', 'U TIN AYE', '父', 64, '農業(米)', 'away', '無し', 'ーー', '賛成'),
(420, '28', 'DAW HLA HLA SAN', '母', 58, '公務員', 'away', '無し', 'ーー', '賛成'),
(421, '28', 'TIN ZAW LAT', '兄', 26, '売店（雑貨屋）', 'away', '無し', 'ーー', '賛成'),
(422, '28', 'PYAE SOE PAING', '兄', 24, '運転手', 'away', '無し', 'ーー', '賛成'),
(423, '340', 'U KHIN HTUN ', '父', 69, '雑貨屋 ', 'away', '無し', '―', '賛成'),
(424, '340', 'DAW AYE AYE SAN ', '母 ', 63, '死亡 ', 'away', '無し', '―', '賛成'),
(425, '340', 'MN MIN ZAW', '兄', 43, '左官業', 'away', '無し', '―', '賛成'),
(426, '340', 'NYI NYI ZAW ', '兄', 42, ' 大工 ', 'away', '無し', '―', '賛成'),
(427, '340', 'MYO MYO ZAW ', '兄', 40, '死亡 ', 'away', '無し', '―', '賛成'),
(428, '340', 'PHYO PHYO ZAW', '兄', 38, '左官業 ', 'away', '無し', '―', '賛成'),
(429, '340', 'DECEMBER HTUN', '姉', 34, '縫製 ', 'away', '無し', '―', '賛成'),
(430, '340', 'BO BO ZAW', '兄', 33, '左官業', 'away', '無し', '―', '賛成'),
(431, '340', 'KHAING ZIN ZAW', '妹', 24, '死亡', 'away', '無し', '―', '賛成');

-- --------------------------------------------------------

--
-- Table structure for table `job_exp`
--

CREATE TABLE `job_exp` (
  `job_exp_id` int(11) NOT NULL,
  `student_id` varchar(255) NOT NULL,
  `job_s_year` varchar(255) NOT NULL,
  `job_s_month` varchar(255) NOT NULL,
  `job_e_year` varchar(255) NOT NULL,
  `job_e_month` varchar(255) NOT NULL,
  `company_name` text NOT NULL,
  `job_type_and_position` text NOT NULL,
  `income` int(11) NOT NULL
) ENGINE=InnoDB DEFAULT CHARSET=utf8 COLLATE=utf8_unicode_ci;

--
-- Dumping data for table `job_exp`
--

INSERT INTO `job_exp` (`job_exp_id`, `student_id`, `job_s_year`, `job_s_month`, `job_e_year`, `job_e_month`, `company_name`, `job_type_and_position`, `income`) VALUES
(1, '0314/04', '2012', '０３', '2023', '', '自営業', '縫製', 100000),
(2, '0001', '2016', '05', '2023', '07', '稼業を手伝い', '売店', 0),
(3, '30', '2020', '05', '2021', '07', '家事を手伝う', 'ー', 0),
(4, '30', '2021', '09', '2023', '07', 'MYANMAR ECONOMIC 銀行', '銀行員', 180000),
(5, '30', '2020', '05', '2021', '07', '家事を手伝う', 'ー', 0),
(6, '30', '2020', '05', '2021', '01', '家事を手伝う', 'ー', 0),
(7, '30', '2021', '09', '2023', '07', 'MYANMAR ECONOMIC 銀行', '銀行員', 180000),
(8, '31', '2017', '05', '2023', '08', '売店', '店員', 200000),
(9, '20', '2020', '01', '2021', '11', 'KYALSINWINE', '縫製', 200000),
(10, '20', '2021', '12', '2023', '08', '仕立屋', '縫製', 200000),
(12, '22', '2021', '01', '2021', '12', 'MAWLAMYAINGTAUNWINE 老人ホーム', 'ボランティア', 180000),
(14, '23', '2018', '02', '2020', '03', 'RGO47　CO.,LTD (通信販売）', 'スタッフ', 200000),
(15, '23', '2020', '04', '2023', '08', '家業を手伝う', '農業', 200000),
(16, '24', '2019', '03', '2023', '08', '家業を手伝う', '農業', 400000),
(17, '25', '2014', '05', '2015', '01', '家業を手伝う', '販売', 0),
(18, '25', '2015', '02', '2018', '01', 'LIN LIN MAKE UP', '美容師', 500000),
(19, '25', '2018', '02', '2022', '02', 'SHWE OHH  薬屋', '店員', 300000),
(20, '25', '2022', '03', '2023', '08', 'SHWE HNIN SI 老人ホーム', '介護 (ボランティア）', 0),
(21, '26', '2020', '11', '2022', '04', 'POU CHEN CO.,LTD', '会計者', 250000),
(23, '27', '2021', '07', '2021', '12', 'KYAUK SEIN 　ホテル', '受付', 200000),
(25, '28', '2019', '05', '2022', '08', '自営業（雑貨屋）', '販売', 100000),
(26, '29', '2020', '05', '2023', '08', '家業を手伝う', '家具を作る', 200000),
(27, '30', '2019', '05', '2020', '12', '家業を手伝う', '農業', 0),
(28, '30', '2021', '01', '2022', '12', 'MIN 　診療所', '看護補助', 200000),
(29, '30', '2023', '01', '2023', '08', '家業を手伝う', '農業', 0),
(30, '31', '2015', '06', '2016', '02', 'AUNG ZAW MIN KHANT（ガソリンスタンド）', '会計士', 150000),
(31, '31', '2017', '12', '2019', '06', 'ROYAL SUN CO,LTD', '会計士', 250000),
(32, '31', '2019', '08', '2023', '08', '家業を手伝う', '店員', 0),
(33, '30', '2019', '05', '2020', '12', '家業を手伝う', '農業', 0),
(34, '30', '2021', '01', '2022', '12', 'MIN 診療所', '看護補助', 200000),
(35, '30', '2023', '01', '2023', '08', '家業を手伝う', '農業', 0),
(36, '30', '2020', '01', '2020', '12', '家業を手伝う', '農業', 0),
(37, '30', '2021', '02', '2022', '12', 'MIN 診療所', '看護補助', 200000),
(38, '30', '2022', '01', '2023', '08', '家業を手伝う', '農業', 0),
(39, '30', '2020', '01', '2023', '08', '家業を手伝う', '農業', 0),
(40, 'Voluptates non sed r', '2009', '3', '2001', '11', 'Wilder and Blair Inc', 'Voluptas obcaecati s', 432),
(41, 'Voluptates non sed r', '1994', '12', '1971', '7', 'Hayes Hill LLC', 'In dolor blanditiis ', 910),
(42, '30', '2020', '01', '2023', '08', '家業を手伝う', '農業', 0),
(43, '030', '2020', '01', '2023', '08', '家業を手伝う', '農業', 0),
(44, '31', '2015', '06', '2016', '02', 'AUNG ZAW MIN KHANT（ガソリンスタンド）', '会計者', 150000),
(45, '31', '2017', '12', '2019', '06', 'ROYAL STAR CO., LTD (建設業）', '会計者', 250000),
(46, '41', '2020', '11', '2022', '06', '家業を手伝う', '農業', 50000),
(47, '42', '2010', '06', '2016', '10', 'コンビニエンスストア', '店員', 150000),
(48, '42', '2016', '12', '2020', '06', '家業を手伝う', '農業', 150000),
(49, '42', '0', '0', '0', '0', 'ー', 'ー', 0),
(50, '43', '2020', '01', '2023', '08', '家業を手伝う', '農業', 0),
(51, '8', '2021', '01', '2022', '08', 'HOMIE', 'フォークリフトの　運転手', 900000),
(52, '8', '2022', '09', '2023', '08', '家業を手伝う', '農業', 0),
(53, '39', '2020', '05', '2023', '08', '家業を手伝う', '店員', 100000),
(54, '3', '2020', '01', '2022', '12', 'MYANMAR ASIA OPTICAL', '生品質管理', 300000),
(55, '3', '2023', '01', '2023', '08', '家業を手伝う', '農業、蓄積業', 0),
(56, '52', '2018', '05', '2020', '10', 'HOPE ONE CO.LTDS', '会計士', 350000),
(57, '52', '2020', '12', '2023', '08', '家業を手伝う', '農業', 0),
(58, '53', '2019', '05', '2023', '08', '家業を手伝う', '売店', 0),
(62, '51', '2020', '01', '2021', '12', 'ROSE HILL 　病院', '看護補助', 200000),
(63, '51', '2022', '01', '2023', '08', '家業を手伝う', '農業', 0),
(64, '54', '2016', '05', '2023', '08', 'AUNGTHEIDDI（仏教について店）', '店員', 400000),
(65, '59', '2020', '06', '2022', '04', '家業を手伝う', '農業', 0),
(66, '59', '2022', '08', '2022', '09', '介護', 'ボランティア', 0),
(69, '76', '2019', '06', '2021', '05', 'PRO 1 GLOBAL HOME CENTER', '店員補助', 200000),
(70, '50', '2013', '10', '2015', '05', 'GOLDEN POWER ', '経営者', 200000),
(71, '50', '2015', '06', '2019', '11', 'GOLDEN POWER ', '精製水製造機補助', 250000),
(72, '58', '2015', '04', '2020', '01', 'CAFE(101) レストラン', 'ウェイトレス', 50000),
(73, '58', '2020', '02', '2023', '08', '家業を手伝う', '販売', 0),
(74, '68', '2017', '12', '2021', '12', '家業を手伝う', '売店', 0),
(75, '68', '2022', '01', '2023', '08', 'PYAE SONE （診療所）', '看護補助', 300000),
(76, '71', '2020', '05', '2023', '08', '家業を手伝う', '販売', 0),
(78, '75', '2021', '11', '2022', '11', 'PACT MYANMAR　（ロ―ン　会社）', 'ボランティア', 60000),
(80, '69', '2020', '04', '2022', '08', 'SWALTAW 病院', '看護補助', 250000),
(81, '69', '2022', '12', '2023', '08', '家業を手伝う', '売店', 0),
(82, '78', '2019', '01', '2020', '02', 'HWAWEI ', '店員', 170000),
(83, '78', '2020', '05', '2021', '02', 'KBZ 銀行', '銀行員', 200000),
(84, '78', '2021', '05', '2023', '08', '家業を手伝う', '売店', 0),
(85, '3', '2020', '01', '2022', '12', 'MYANMAR ASIA OPTICAL', '生品質管理', 300000),
(86, '3', '2023', '01', '2023', '08', '家業を手伝う', '農業、畜産業', 0),
(87, '79', '2020', '01', '2022', '12', 'MYANMAR ASIA OPTICAL', '生品質管理', 300000),
(88, '79', '2023', '01', '2023', '08', '家業を手伝う', '農業、畜産業', 0),
(90, '81', '2017', '05', '2017', '11', 'キンマのはのてん', '会計士', 180000),
(91, '81', '2018', '01', '2023', '08', '兄の仕事をてつだう', 'お米屋', 100000),
(92, '82', '2013', '05', '2019', '06', 'KF Food 会社　　（タイ）', '魚とかエビを製造する', 400000),
(93, '82', '2019', '08', '2020', '10', 'U.S.O＆ASSOCIATE Construction', 'とび', 200000),
(94, '82', '2020', '11', '2023', '08', '僧院の仕事を手伝う', '農業', 0),
(95, '83', '2019', '06', '2022', '08', '稼業を手伝う', '農業(米、豆)', 0),
(102, '85', '2016', '01', '2018', '11', 'MMC 日本語学校', 'スタッフ', 150000),
(103, '85', '2019', '01', '2022', '12', 'MBO 送り出し機関（日本）', 'スタッフ', 300000),
(104, '85', '2023', '01', '2023', '09', '日本語教師　（オンライン）', 'ボランティア', 0),
(105, '87', '０', '０', '０', '０', 'ー', 'ー', 0),
(106, '95', '2013', '06', '2015', '05', 'U.M.G    会社', 'マーケティング', 200000),
(107, '95', '2020', '04', '2022', '12', 'EVERY GREEN    会社', 'マーケティング', 300000),
(108, '96', '2015', '03', '2018', '12', '病院', '介護', 300000),
(109, '97', '2011', '06', '2019', '12', 'ALIN TANN  私立高等学校', '教師', 200000),
(110, '97', '2020', '01', '2022', '05', '家業を手伝う', '家事', 0),
(111, '98', '2018', '01', '2020', '11', 'SHWE LIN YONE お菓子業', '会計者', 200000),
(112, '98', '2020', '12', '2021', '10', 'HMO コンビニエンスストア', '会計者', 200000),
(113, '98', '2021', '１１', '2022', '12', 'SHWE LIN YONE お菓子業', '会計者', 200000),
(114, '100', '2020', '01', '2023', '01', 'WAI YAN 　薬屋', '店員', 100000),
(115, '0010/01', '2019', '04', '2023', '09', '家業を手伝う', '喫茶店', 0),
(116, '125', '2020', '04', '2023', '10', '家業を手伝う', '家具業', 0),
(119, '130', '2010', '04', '2016', '12', '家業を手伝う', '農業', 0),
(120, '130', '2017', '01', '2020', '12', 'UNIVIEW 　レンス　工場', '精度管理', 230000),
(121, '135', '2018', '04', '2022', '06', 'CITY MARK ス―パーマーケット', '店員', 300000),
(122, '136', '2018', '01', '2019', '01', 'EDEN COMPANY, FUJI コーヒーショップ', 'キヤッシャー', 200000),
(123, '150', '2019', '04', '2022', '04', '家業を手伝う', '果物屋', 0),
(124, '151', '2020', '05', '2022', '06', '家業を手伝う', '農業', 0),
(129, '153', '2019', '12', '2021', '06', 'MYTEL オペレーター', 'ファイバーの設置', 200000),
(130, '153', '2021', '07', '2022', '06', 'ボート修理', 'ボート修理補助', 200000),
(132, '173', '2019', '05', '2020', '12', 'YEKAETAUNG　 携帯電話屋', 'カサタンマ―サ―ビス', 170000),
(133, '171', '2022', '04', '2023', '10', '家事を手伝う', '農業', 0),
(134, '168', '2020', '01', '2022', '12', 'SINOPROUD CO.,ltd', '会計士', 200000),
(136, '167', '2019', '10', '2023', '10', '家業を手伝う', '売店', 50000),
(137, '174', '2020', '01', '2022', '12', '1 STOP MART', '店員', 190000),
(138, '170', '2019', '04', '2021', '12', 'MOTHER　縫製工場', 'スタッフ', 180000),
(139, '172', '2020', '01', '2022', '12', '自営業（仕立屋）', 'テーラ―', 100000),
(140, '169', '2019', '12', '2021', '11', 'CITY MARK ス―パーマーケット', 'キヤッシャー', 180000),
(141, '169', '2021', '12', '2022', '11', '家事を手伝う', '農業', 150000),
(142, '166', '2020', '01', '2022', '06', '家業を手伝う', '農業', 0),
(143, '165', '2014', '04', '2021', '10', '家業を手伝う', '農業', 0),
(149, '177', '2018', '04', '2018', '11', '姉の服屋', '店員', 200000),
(150, '177', '2020', '04', '2022', '04', 'KUMUDRA オンラインショップ', 'キヤッ', 250000),
(157, '181', '2015', '01', '2018', '12', 'S.P.C ゴム工場', '倉庫作業員', 300000),
(158, '181', '2020', '01', '2020', '07', '兄の仕事を手伝う', '溶接', 200000),
(159, '181', '2020', '08', '2023', '11', '家業を手伝う', '茶葉を売る', 0),
(160, '182', '2021', '02', '2021', '10', '兄の仕事を手伝う', '溶接', 250000),
(161, '182', '2021', '12', '2022', '07', 'MYAT HTOO 振込エージェント', 'スタッフ', 200000),
(162, '182', '2022', '08', '2023', '10', '家業を手伝う', '農業', 0),
(163, '0016/01', '2022', '01', '2023', '11', 'KO TOE 雑貨屋', '店員', 150000),
(164, '0033', '2019', '01', '2023', '11', 'MYANMAR BROADBAND TELECOM.', 'スタッフ', 700000),
(165, '0006', '2019', '06', '2022', '12', 'MYANMAR NET ', 'スタッフ', 300000),
(166, '185', '2020', '04', '2023', '11', '家業を手伝う', '売店', 0),
(167, '210', '2019', '02', '2022', '11', 'オンラインショップ', '化粧品、服', 100000),
(172, '212', '2019', '11', '2021', '04', 'KANNON CO.,LTD 縫製工場', '縫製', 200000),
(173, '212', '2021', '05', '2023', '11', '家業を手伝う', '農業(米)', 0),
(174, '211', '2020', '05', '2022', '10', 'ICE BERRY レストラン', 'ウェイトレス', 150000),
(175, '214', '2016', '01', '2020', '10', 'NICE TO MEET YOU レストラン（タイ)', 'サービス', 1300000),
(176, '214', '2020', '12', '2023', '04', 'MILK LAND カフェ（タイ)', 'バリスタ', 1200000),
(177, '213', '2021', '06', '2022', '05', 'FOXLINK MYANMAR CO.,LTD (充電器ケーブル工場）', 'パッキング', 200000),
(178, '213', '2022', '06', '2023', '12', '家業を手伝う(農業)', '豆　,胡麻', 0),
(179, '215', '2022', '04', '2023', '03', 'MINTHARGYI カフェ', '調理補助', 200000),
(180, '0179', '2018', '06', '2021', '04', 'MYTEL オペレーター', 'スタッフ', 180000),
(181, '0179', '2021', '06', '2023', '12', '日本語を勉強する', '―', 0),
(182, '216', '2012', '02', '2016', '12', 'コンピュータ工場', 'パッキング', 500000),
(183, '216', '2017', '02', '2019', '08', 'WINNER レストラン', 'ウェイトレス', 250000),
(184, '216', '2019', '10', '2021', '12', 'KAUNG SU THAR 日本語学校', '受付', 150000),
(185, '216', '2022', '02', '2023', '12', 'MDYC 靴工場', 'スタッフ', 400000),
(186, '0057', '2020', '03', '2023', '12', '家業を手伝う', '雑貨屋', 0),
(187, '83', '2022', '09', '2024', '02', 'GOEN MYANMAR CO.,LTD', 'スタッフ', 180000),
(188, '210', '2018', '10', '2023', '12', '自営業(縫製)', '服', 50000),
(189, '232', '2021', '02', '2022', '05', '家業を手伝う (農業）', '米、豆', 300000),
(190, '233', '2018', '06', '2022', '06', '家業を手伝う(農業）', '米, 野菜', 0),
(191, '233', '2022', '07', '2023', '10', 'AROMA お菓子工場', '倉庫作業員', 200000),
(192, '234', '2020', '07', '2021', '12', '家事を手伝う(服屋）', '店員', 0),
(193, '234', '2022', '01', '2022', '06', 'BEST GIFT FOR KIDS (本屋)', '店員', 160000),
(194, '235', '2016', '05', '2022', '07', '家業を手伝う (農業）', '米、豆、スイカ', 0),
(195, '335', '2010', '05', '2020', '12', 'MYANSAPA (縫製工場）', '精度管理', 200000),
(196, '335', '2021', '02', '2024', '02', 'AMAYYATE （雑貨屋）', '店員', 300000),
(197, '337', '2021', '01', '2022', '05', 'HTOO MYAT BAR & RESTAURANT', 'ウェイター', 180000),
(198, '338', '2021', '01', '2024', '02', 'NICE MYANMAR TRAVEL & TOUR', 'スタッフ', 530000),
(199, '339', '2021', '08', '2023', '07', 'ミャンマーの経済銀行', '会計士', 180000),
(200, '339', '2023', '08', '2024', '02', 'GOEN LANGUAGE & TRAINING CENTER', 'スタッフ', 300000),
(201, '340', '2011', '01', '2017', '12', '家業を手伝う (自営業）', '雑貨屋 ', 0),
(202, '340', '2018 ', '01', '2023', '08', 'FOSTER (車のスピーカー工場） ', 'パーキング ', 300000);

-- --------------------------------------------------------

--
-- Table structure for table `nrc`
--

CREATE TABLE `nrc` (
  `nrc_id` int(11) NOT NULL,
  `nrc_type` varchar(50) NOT NULL,
  `state_id` int(11) NOT NULL,
  `nrc_no` varchar(11) NOT NULL
) ENGINE=InnoDB DEFAULT CHARSET=utf8mb4 COLLATE=utf8mb4_unicode_ci;

--
-- Dumping data for table `nrc`
--

INSERT INTO `nrc` (`nrc_id`, `nrc_type`, `state_id`, `nrc_no`) VALUES
(1, '(N)', 1, '246137'),
(2, '(N)', 2, '30381'),
(3, '(N)', 3, '30381'),
(4, '(N)', 4, '219202'),
(5, '', 0, '0'),
(6, '', 0, '0'),
(7, '', 0, '13'),
(8, '', 0, '14'),
(9, '(N)', 5, '219202'),
(10, '(N)', 6, '30381'),
(11, '(N)', 7, '351693'),
(12, '(N)', 8, '265807'),
(13, '(N)', 9, '91695'),
(14, '(N)', 10, '274103'),
(15, '(N)', 11, '35788'),
(16, '(N)', 12, '111546'),
(17, '(N)', 13, '259873'),
(18, '(N)', 14, '219243'),
(19, '(N)', 15, '23133'),
(20, '(N)', 16, '374723'),
(21, '(N)', 17, '200734'),
(22, '(N)', 18, '374723'),
(23, '(N)', 19, '374723'),
(24, '(N)', 20, '374723'),
(25, '(N)', 21, '246137'),
(26, '(N)', 22, '0'),
(27, '(N)', 23, '234567'),
(28, '(N)', 24, '351693'),
(29, '(N)', 25, '219202'),
(30, '(N)', 26, '200734'),
(31, '(N)', 27, '134723'),
(32, '(N)', 28, '134723'),
(33, '(N)', 29, '167808'),
(34, '(N)', 30, '251212'),
(35, '(N)', 31, '1441573'),
(36, '(N)', 32, '312841'),
(37, '(N)', 33, '312841'),
(38, '(N)', 34, '312841'),
(39, '(N)', 35, '0'),
(40, '(N)', 36, '110665'),
(41, '(N)', 37, '443071'),
(42, '(N)', 38, '117832'),
(43, '(N)', 39, '117832'),
(44, '(N)', 40, '132780'),
(45, '(N)', 41, '429442'),
(46, '(N)', 42, '114118'),
(47, '(N)', 43, '117832'),
(48, '(N)', 44, '117832'),
(49, '(N)', 45, '117832'),
(50, '(N)', 46, '429442'),
(51, '(N)', 47, '80751'),
(52, '(N)', 48, '351693'),
(53, '(N)', 49, '265807'),
(54, '(N)', 50, '265807'),
(55, '(N)', 51, '91695'),
(56, '(N)', 52, '274103'),
(57, '(N)', 53, '35788'),
(58, '(N)', 54, '111546'),
(59, '(N)', 55, '259873'),
(60, '(N)', 56, '219243'),
(61, '(N)', 57, '23133'),
(62, '(N)', 58, '246027'),
(63, '(N)', 59, '119687'),
(64, '(N)', 60, '418832'),
(65, '(N)', 61, '181183'),
(66, '(N)', 62, '461225'),
(67, '(N)', 63, '159115'),
(68, '(N)', 64, '0'),
(69, '(N)', 65, '228494'),
(70, '(N)', 66, '228494'),
(71, '(N)', 67, '228494'),
(72, '(N)', 68, '374723'),
(73, '(N)', 69, '374723'),
(74, '(N)', 70, '374723'),
(75, '(N)', 71, '211262'),
(76, '(N)', 72, '209293'),
(77, '(N)', 73, '171874'),
(78, '(N)', 74, '209293'),
(79, '(N)', 75, '171874'),
(80, '(N)', 76, '246137'),
(81, '(N)', 77, '246137'),
(82, '(N)', 78, '59965'),
(83, '(N)', 79, '59965'),
(84, '(N)', 80, '129797'),
(85, '(N)', 81, '94593'),
(86, '(N)', 82, '156486'),
(87, '(N)', 83, '27549'),
(88, '(N)', 84, '236864'),
(89, '(N)', 85, '101471'),
(90, '(N)', 86, '33681'),
(91, '(N)', 87, '033681'),
(92, '(N)', 88, '033681'),
(93, '(N)', 89, '0101471'),
(94, '(N)', 90, '211262'),
(95, '(N)', 91, '342689'),
(96, '(N)', 92, '342689'),
(97, '(N)', 93, '342689'),
(98, '(N)', 94, '254757'),
(99, '(N)', 95, '254757'),
(100, '(N)', 96, '254757'),
(101, '(N)', 97, '254757'),
(102, '(N)', 98, '274362'),
(103, '(N)', 99, '117081'),
(104, '(N)', 100, '180261'),
(105, '(N)', 101, '165152'),
(106, '(N)', 102, '203778'),
(107, '(N)', 103, '203778'),
(108, '(N)', 104, '165152'),
(109, '(N)', 105, '165152'),
(110, '(N)', 106, '203778'),
(111, '(N)', 107, '151610'),
(112, '(N)', 108, '254757'),
(113, '(N)', 109, '254757'),
(114, '(N)', 110, '151610'),
(115, '(N)', 111, '151666'),
(116, '(N)', 112, '155976'),
(117, '(N)', 113, '155976'),
(118, '(N)', 114, '155976'),
(119, '(N)', 115, '155976'),
(120, '(N)', 116, '155976'),
(121, '(N)', 117, '155976'),
(122, '(N)', 118, '239875'),
(123, '(N)', 119, '290674'),
(124, '(N)', 120, '113920'),
(125, '(N)', 121, '188636'),
(126, '(N)', 122, '107539'),
(127, '(N)', 123, '094153'),
(128, '(N)', 124, '323991'),
(129, '(N)', 125, '147838'),
(130, '(N)', 126, '197845'),
(131, '(N)', 127, '147838'),
(132, '(N)', 128, '127614'),
(133, '(N)', 129, '188636'),
(134, '(N)', 130, '283554'),
(135, '(N)', 131, '283554'),
(136, '(N)', 132, '283554'),
(137, '(N)', 133, '188636'),
(138, '(N)', 134, '188636'),
(139, '(N)', 135, '107539'),
(140, '(N)', 136, '127614'),
(141, '(N)', 137, '147838'),
(142, '(N)', 138, '094153'),
(143, '(N)', 139, '180261'),
(144, '(N)', 140, '282714'),
(145, '(N)', 141, '225446'),
(146, '(N)', 142, '225446'),
(147, '(N)', 143, '124578'),
(148, '(N)', 144, '225446'),
(149, '(N)', 145, '273669'),
(150, '(N)', 146, '165478'),
(151, '(N)', 147, '273699'),
(152, '(N)', 148, '883699'),
(153, '(N)', 149, '883699'),
(154, '(N)', 150, '273669'),
(155, '(N)', 151, '251212'),
(156, '(N)', 152, '251212'),
(157, '(N)', 153, '416191'),
(158, '(N)', 154, '251212'),
(159, '(N)', 155, '225446'),
(160, '(N)', 156, '416191'),
(161, '(N)', 157, '213769'),
(162, '(N)', 158, '264251'),
(163, '(N)', 159, '448475'),
(164, '(N)', 160, '179442'),
(165, '(N)', 161, '416191'),
(166, '(N)', 162, '213769'),
(167, '(N)', 163, '264251'),
(168, '(N)', 164, '264251'),
(169, '(N)', 165, '179442'),
(170, '(N)', 166, '179442'),
(171, '(N)', 167, '179442'),
(172, '(N)', 168, '448475'),
(173, '(N)', 169, '448475'),
(174, '(N)', 170, '448475'),
(175, '(N)', 171, '213769'),
(176, '(N)', 172, '213769'),
(177, '(N)', 173, '416191'),
(178, '(N)', 174, '416191'),
(179, '(N)', 175, '416191'),
(180, '(N)', 176, '416191'),
(181, '(N)', 177, '155976'),
(182, '(N)', 178, '155976'),
(183, '(N)', 179, '211262'),
(184, '(N)', 180, '211262'),
(185, '(N)', 181, '211262'),
(186, '(N)', 182, '211262'),
(187, '(N)', 183, '211262'),
(188, '(N)', 184, '211262'),
(189, '(N)', 185, '211262'),
(190, '(N)', 186, '211262'),
(191, '(N)', 187, '211262'),
(192, '(N)', 188, '112822'),
(193, '(N)', 189, '954127'),
(194, '(N)', 190, '112822'),
(195, '(N)', 191, '112822'),
(196, '(N)', 192, '112822'),
(197, '(N)', 193, '112822'),
(198, '(N)', 194, '112822'),
(199, '(N)', 195, '112822'),
(200, '(N)', 196, '160349'),
(201, '(N)', 197, '028803'),
(202, '(N)', 198, '176616'),
(203, '(N)', 199, '200728'),
(204, '(N)', 200, '028803'),
(205, '(N)', 201, '176616'),
(206, '(N)', 202, '136783'),
(207, '(N)', 203, '476206'),
(208, '(N)', 204, '048430'),
(209, '(N)', 205, '476206'),
(210, '(N)', 206, '130059'),
(211, '(N)', 207, '130059'),
(212, '(N)', 208, '130059'),
(213, '(N)', 209, '200728'),
(214, '(N)', 210, '200728'),
(215, '(N)', 211, '133558'),
(216, '(N)', 212, '200728'),
(217, '(N)', 213, '200728'),
(218, '(N)', 214, '048430'),
(219, '(N)', 215, '048430'),
(220, '(N)', 216, '171874'),
(221, '(N)', 217, '171874'),
(222, '(N)', 218, '171874'),
(223, '(N)', 219, '171874'),
(224, '(N)', 220, '171874'),
(225, '(N)', 221, '171874'),
(226, '(N)', 222, '160349'),
(227, '(N)', 223, '160349'),
(228, '(N)', 224, '160349'),
(229, '(N)', 225, '028803'),
(230, '(N)', 226, '028803'),
(231, '(N)', 227, '171874'),
(232, '(N)', 228, '171874'),
(233, '(N)', 229, '187184'),
(234, '(N)', 230, '187184'),
(235, '(N)', 231, '187874'),
(236, '(N)', 232, '187874'),
(237, '(N)', 233, '053224'),
(238, '(N)', 234, '263415'),
(239, '(N)', 235, '219444'),
(240, '(N)', 236, '219444'),
(241, '(N)', 237, '219444'),
(242, '(N)', 238, '431559'),
(243, '(N)', 239, '431559'),
(244, '(N)', 240, '171874'),
(245, '(N)', 241, '171874'),
(246, '(N)', 242, '171874'),
(247, '(N)', 243, '084118'),
(248, '(N)', 244, '171874'),
(249, '(N)', 245, '171874'),
(250, '(N)', 246, '035791'),
(251, '(N)', 247, '196921'),
(252, '(N)', 248, '197846'),
(253, '(N)', 249, '197846'),
(254, '(N)', 250, '197846'),
(255, '(N)', 251, '197846'),
(256, '(N)', 252, '197846'),
(257, '(N)', 253, '197846'),
(258, '(N)', 254, '197846'),
(259, '(N)', 255, '197846'),
(260, '(N)', 256, '197846'),
(261, '(N)', 257, '160349'),
(262, '(N)', 258, '160349'),
(263, '(N)', 259, '160349'),
(264, '(N)', 260, '176616'),
(265, '(N)', 261, '160349'),
(266, '(N)', 262, '160349'),
(267, '(N)', 263, '265807'),
(268, '(N)', 264, '265807'),
(269, '(N)', 265, '259873'),
(270, '(N)', 266, '181183'),
(271, '(N)', 267, '27549'),
(272, '(N)', 268, '0101471'),
(273, '(N)', 269, '219243'),
(274, '(N)', 270, '259873'),
(275, '(N)', 271, '127329'),
(276, '(N)', 272, '129706');

-- --------------------------------------------------------

--
-- Table structure for table `state`
--

CREATE TABLE `state` (
  `state_id` int(11) NOT NULL,
  `state_name` varchar(255) NOT NULL,
  `district_id` int(11) NOT NULL
) ENGINE=InnoDB DEFAULT CHARSET=utf8mb4 COLLATE=utf8mb4_unicode_ci;

--
-- Dumping data for table `state`
--

INSERT INTO `state` (`state_id`, `state_name`, `district_id`) VALUES
(1, 'MaDaNa', 10),
(2, 'DaGaSa', 12),
(3, 'DaGaSa', 12),
(4, 'DaDaSa', 12),
(5, 'AhLaNa', 12),
(6, 'AhLaNa', 12),
(7, 'HaThaTa', 14),
(8, 'MaLaMa', 10),
(9, 'MaLaNa', 8),
(10, 'LaPaTa', 14),
(11, 'DaGaMa', 12),
(12, 'YaPaTha', 12),
(13, 'KhaMaNa', 8),
(14, 'DaDaYa', 14),
(15, 'DaGaSa', 12),
(16, 'TaKaNa', 13),
(17, 'AuKaMa', 12),
(18, 'TaKaNa', 13),
(19, 'TaKaNa', 13),
(20, 'TaKaNa', 13),
(21, 'KaKhaKa', 12),
(22, 'AhLaNa', 12),
(23, 'AhLaNa', 12),
(24, 'SaKaKha', 12),
(25, 'AhSaNa', 12),
(26, 'AuKaMa', 12),
(27, 'PaPhaNa', 8),
(28, 'PaPhaNa', 8),
(29, 'PaTaTa', 7),
(30, 'TaKaNa', 9),
(31, 'HtaTaPa', 7),
(32, 'WaKhaMa', 14),
(33, 'WaKhaMa', 14),
(34, 'WaKhaMa', 14),
(35, 'DaAuNa', 7),
(36, 'HtaTaPa', 7),
(37, 'PaKhaNa', 7),
(38, 'LaThaYa', 12),
(39, 'LaThaYa', 12),
(40, 'KaKhaKa', 12),
(41, 'PaKhaNa', 7),
(42, 'HtaTaPa', 12),
(43, 'LaThaNa', 12),
(44, 'LaThaYa', 12),
(45, 'LaThaYa', 12),
(46, 'PaKhaNa', 7),
(47, 'SaTaNa', 11),
(48, 'HaThaTa', 14),
(49, 'MaLaMa', 10),
(50, 'MaLaMa', 10),
(51, 'MaLaNa', 8),
(52, 'LaPaTa', 14),
(53, 'DaGaMa', 12),
(54, 'YaPaTha', 12),
(55, 'KhaMaNa', 8),
(56, 'DaDaYa', 14),
(57, 'DaGaSa', 12),
(58, 'MaLaMa', 10),
(59, 'KaHtaNa', 10),
(60, 'PaKhaNa', 7),
(61, 'ThaPhaYa', 10),
(62, 'PaKhaNa', 7),
(63, 'KaHtaNa', 10),
(64, 'DaAuNa', 7),
(65, 'DaAuNa', 7),
(66, 'DaAuNa', 7),
(67, 'DaAuNa', 7),
(68, 'YaKaNa', 14),
(69, 'MaMaKa', 14),
(70, 'MaMaKa', 14),
(71, 'KaWaNa', 7),
(72, 'PaMaNa', 10),
(73, 'ThaKaNa', 7),
(74, 'PaMaNa', 10),
(75, 'ThaNaPa', 7),
(76, 'KhaYaNa', 12),
(77, 'KhaYaNa', 12),
(78, 'NaSaNa', 13),
(79, 'NaSaNa', 13),
(80, 'BaTaLa', 5),
(81, 'YaPaTha', 12),
(82, 'MaLaNa', 9),
(83, 'MaHaMa', 9),
(84, 'WaTaNa', 9),
(85, 'MaMaTa', 5),
(86, 'DaGaSa', 12),
(87, 'DaGaSa', 12),
(88, 'DaGaSa', 12),
(89, 'MaMaTa', 5),
(90, 'KaWaNa', 7),
(91, 'MaYaNa', 5),
(92, 'MaYaNa', 5),
(93, 'MaYaNa', 5),
(94, 'LaKaNa', 12),
(95, 'BaLaNa', 10),
(96, 'LaKaNa', 12),
(97, 'LaKaNa', 12),
(98, 'MaMaKa', 14),
(99, 'KhaAuNa', 5),
(100, 'MaThaNa', 9),
(101, 'ThaLaNa', 12),
(102, 'KaTaKha', 7),
(103, 'KaTaKha', 7),
(104, 'ThaLaNa', 12),
(105, 'ThaLaNa', 12),
(106, 'KaTaKha', 7),
(107, 'TaTaAu', 9),
(108, 'LaKaNa', 12),
(109, 'LaKaNa', 12),
(110, 'TaTaAu', 9),
(111, 'MaMaNa', 13),
(112, 'ThaPhaYa', 10),
(113, 'ThaPhaYa', 10),
(114, 'ThaPhaYa', 10),
(115, 'ThaPhaYa', 10),
(116, 'ThaPhaYa', 10),
(117, 'ThaPhaYa', 10),
(118, 'MaDaNa', 10),
(119, 'LaWaNa', 9),
(120, 'MaKaNa', 5),
(121, 'SaLaNa', 8),
(122, 'SaLaKa', 5),
(123, 'KaMaTa', 12),
(124, 'AhMaYa', 9),
(125, 'KhaSaNa', 10),
(126, 'AhLaNa', 12),
(127, 'KhaSaNa', 10),
(128, 'SaLaKa', 5),
(129, 'SaLaNa', 8),
(130, 'PaBaNa', 9),
(131, 'PaBaNa', 9),
(132, 'PaBaNa', 9),
(133, 'SaLaNa', 8),
(134, 'SaLaNa', 8),
(135, 'SaLaKa', 5),
(136, 'SaLaKa', 5),
(137, 'KhaSaNa', 10),
(138, 'KaMaTa', 12),
(139, 'MaThaNa', 9),
(140, 'AuKaMa', 12),
(141, 'WaTaNa', 9),
(142, 'WaTaNa', 9),
(143, 'AhLaNa', 12),
(144, 'WaTaNa', 9),
(145, 'MaDaNa', 10),
(146, 'YaTaNa', 11),
(147, 'MaDaNa', 10),
(148, 'LaBaNa', 3),
(149, 'AhLaNa', 8),
(150, 'MaDaNa', 10),
(151, 'TaKaNa', 9),
(152, 'TaKaNa', 9),
(153, 'PaKhaNa', 7),
(154, 'TaKaNa', 9),
(155, 'WaTaNa', 9),
(156, 'PaKhaNa', 7),
(157, 'WaMaNa', 7),
(158, 'PaBaNa', 9),
(159, 'PaKhaNa', 7),
(160, 'MaBaNa', 8),
(161, 'PaKhaNa', 7),
(162, 'WaMaNa', 7),
(163, 'PaBaNa', 9),
(164, 'PaBaNa', 9),
(165, 'MaBaNa', 8),
(166, 'MaBaNa', 8),
(167, 'MaBaNa', 8),
(168, 'PaKhaNa', 7),
(169, 'PaKhaNa', 7),
(170, 'PaKhaNa', 7),
(171, 'WaMaNa', 7),
(172, 'WaMaNa', 7),
(173, 'PaKhaNa', 7),
(174, 'PaKhaNa', 7),
(175, 'PaKhaNa', 7),
(176, 'PaKhaNa', 7),
(177, 'ThaPhaYa', 10),
(178, 'ThaPhaYa', 10),
(179, 'KaWaNa', 7),
(180, 'KaWaNa', 7),
(181, 'KaWaNa', 7),
(182, 'KaWaNa', 7),
(183, 'KaWaNa', 7),
(184, 'KaWaNa', 7),
(185, 'KaWaNa', 7),
(186, 'KaWaNa', 7),
(187, 'KaWaNa', 7),
(188, 'DaGaTa', 12),
(189, 'PhaAhNa', 3),
(190, 'DaGaTa', 12),
(191, 'DaGaTa', 12),
(192, 'DaGaTa', 12),
(193, 'DaGaTa', 12),
(194, 'DaGaTa', 12),
(195, 'DaGaTa', 12),
(196, 'ThaPhaYa', 10),
(197, 'LaMaNa', 10),
(198, 'ThaPhaYa', 10),
(199, 'KaTaKha', 7),
(200, 'LaMaNa', 10),
(201, 'ThaPhaYa', 10),
(202, 'MaLaNa', 8),
(203, 'PaKhaNa', 7),
(204, 'BaPaNa', 6),
(205, 'PaKhaNa', 7),
(206, 'WaMaNa', 7),
(207, 'WaMaNa', 7),
(208, 'WaMaNa', 7),
(209, 'KaTaKha', 7),
(210, 'KaTaKha', 7),
(211, 'KaTaNa', 12),
(212, 'KaTaKha', 7),
(213, 'KaTaKha', 7),
(214, 'BaPaNa', 6),
(215, 'BaPaNa', 6),
(216, 'ThaNaPa', 7),
(217, 'ThaNaPa', 7),
(218, 'ThaNaPa', 7),
(219, 'ThaNaPa', 7),
(220, 'ThaNaPa', 7),
(221, 'ThaNaPa', 7),
(222, 'ThaPhaYa', 10),
(223, 'ThaPhaYa', 10),
(224, 'ThaPhaYa', 10),
(225, 'LaMaNa', 10),
(226, 'LaMaNa', 10),
(227, 'ThaNaPa', 7),
(228, 'ThaNaPa', 7),
(229, 'WaMaNa', 7),
(230, 'MaMaNa', 13),
(231, 'WaMaNa', 7),
(232, 'WaMaNa', 7),
(233, 'AhMaTa', 14),
(234, 'AhSaNa', 12),
(235, 'DaAuNa', 7),
(236, 'DaAuNa', 7),
(237, 'DaAuNa', 7),
(238, 'PaKhaKa', 8),
(239, 'PaKhaKa', 8),
(240, 'ThaNaPa', 7),
(241, 'ThaNaPa', 7),
(242, 'ThaNaPa', 7),
(243, 'AhMaNa', 11),
(244, 'ThaNaPa', 7),
(245, 'ThaNaPa', 7),
(246, 'DaGaMa', 12),
(247, 'ThaGaKa', 12),
(248, 'ThaGaKa', 12),
(249, 'ThaGaKa', 12),
(250, 'ThaGaKa', 12),
(251, 'ThaGaKa', 12),
(252, 'ThaGaKa', 12),
(253, 'ThaGaKa', 12),
(254, 'ThaGaKa', 12),
(255, 'ThaGaKa', 12),
(256, 'ThaGaKa', 12),
(257, 'ThaPhaYa', 10),
(258, 'ThaPhaYa', 10),
(259, 'ThaPhaYa', 10),
(260, 'ThaPhaYa', 10),
(261, 'ThaPhaYa', 10),
(262, 'ThaPhaYa', 10),
(263, 'MaLaMa', 10),
(264, 'MaLaMa', 10),
(265, 'KhaMaNa', 8),
(266, 'ThaPhaYa', 10),
(267, 'MaHaMa', 9),
(268, 'MaMaTa', 5),
(269, 'DaDaYa', 14),
(270, 'KhaMaNa', 8),
(271, 'KaTaNa', 12),
(272, 'KaTaNa', 12);

-- --------------------------------------------------------

--
-- Table structure for table `student`
--

CREATE TABLE `student` (
  `id` int(11) NOT NULL,
  `student_id` varchar(255) NOT NULL,
  `photo` varchar(255) NOT NULL,
  `name` varchar(255) NOT NULL,
  `kana_name` varchar(255) NOT NULL,
  `gender` varchar(6) NOT NULL,
  `dob` date NOT NULL,
  `age` int(11) NOT NULL,
  `country` varchar(255) NOT NULL,
  `religion` varchar(255) NOT NULL,
  `nrc_id` varchar(255) NOT NULL,
  `passport` varchar(255) NOT NULL,
  `address` text NOT NULL,
  `per_address` text NOT NULL,
  `tel` varchar(255) NOT NULL,
  `start_date` datetime NOT NULL DEFAULT '0000-00-00 00:00:00' ON UPDATE current_timestamp(),
  `jp_lan_skill` varchar(255) NOT NULL,
  `height` int(11) NOT NULL,
  `weight` int(11) NOT NULL,
  `marriage` varchar(10) NOT NULL,
  `blood_type` varchar(20) NOT NULL,
  `eye_test` varchar(255) NOT NULL,
  `color_blind` varchar(10) NOT NULL,
  `hand` varchar(5) NOT NULL,
  `cook` varchar(10) NOT NULL,
  `disease` varchar(10) NOT NULL,
  `tattoo` varchar(10) NOT NULL,
  `smoke` varchar(10) NOT NULL,
  `drunk` varchar(10) NOT NULL,
  `languages` varchar(255) NOT NULL,
  `certificate` varchar(255) NOT NULL,
  `objective` text NOT NULL,
  `teamwork` varchar(10) NOT NULL,
  `family_income` int(11) NOT NULL,
  `type_of_visa` varchar(255) NOT NULL,
  `planning_money` int(11) NOT NULL,
  `myanmar_job` text NOT NULL,
  `form` varchar(10) NOT NULL,
  `old_visa` varchar(255) DEFAULT NULL
) ENGINE=InnoDB DEFAULT CHARSET=utf8mb4 COLLATE=utf8mb4_unicode_ci;

--
-- Dumping data for table `student`
--

INSERT INTO `student` (`id`, `student_id`, `photo`, `name`, `kana_name`, `gender`, `dob`, `age`, `country`, `religion`, `nrc_id`, `passport`, `address`, `per_address`, `tel`, `start_date`, `jp_lan_skill`, `height`, `weight`, `marriage`, `blood_type`, `eye_test`, `color_blind`, `hand`, `cook`, `disease`, `tattoo`, `smoke`, `drunk`, `languages`, `certificate`, `objective`, `teamwork`, `family_income`, `type_of_visa`, `planning_money`, `myanmar_job`, `form`, `old_visa`) VALUES
(6, '20', 'YA MIN OO.jpeg', 'YA MIN OO', 'ヤ　ミン　ウー', '女', '1999-08-18', 23, 'ミャンマー', '仏教徒', '52', 'MH359040', 'NO.755/A, PUTTAWA WARD, INSEIN TOWNSHIP, YANGON DIVISION.', 'KYEETUYWAE VLLAGE, HINTHADA TOWNSHIP, AYEYARWADDY DIVISION.', '+95 9 976 189 591, +95 9 783 129 049', '0000-00-00 00:00:00', 'JFTA2, N3 終わった', 159, 46, '無し', 'A+', '良い', '無し', '右', '有', '無し', '無し', '無し', '無し', '日本語', 'JFTA2, 特定介護', '日本で働く', '有', 300000, '介護　　　特定技能性', 250, '介護施設を開きたい', '無し', 'ーー'),
(7, '22', 'YA MIN OO(2).jpeg', 'YA MIN OO ', 'ヤ　ミン　ウー', '女', '2002-02-28', 22, 'ミャンマー', '仏教徒', '268', 'MH705873', 'NO.24, 144 STREET, AYOEKONE WARD, TARMWE TOWNSHIP, YANGON DIVISION.', 'KATO VILLAGE, MAWLAMYAING CITY, MON STATE.', '+95 9 776 060 353, +95 9 951 476 253', '2022-07-02 00:00:00', 'N3 勉強中', 152, 53, '無し', 'O', '良い', '無し', '右', '有', '無し', '無し', '無し', '無し', '日本語', 'JLPT N4, 特定介護', '日本で働く', '有', 500000, '介護　　　特定技能性', 320, '介護施設を開きたい', '無し', '―'),
(8, '23', 'EI EI NYEIN.jpeg', 'EI EI NYEIN', 'ェィ　ェィ　二ュイン', '女', '1993-08-10', 30, 'ミャンマー', '仏教徒', '55', 'MH153913', 'NO.50, MYAENIKONWE MARKET STREET, SANCHAUNG TOWNSHIP, YANGON DIVISION.', 'KONGYI VILLAGE, MINHLA TOWNSHIP, MAGWAY DIVISION.', '+95 9 966 636 644, +95 9755 580 991', '0000-00-00 00:00:00', 'N4 JLPT、　N3 勉強終わった', 155, 48, '無し', 'A', '良い', '無し', '右', '有', '無し', '無し', '無し', '無し', '日本語', 'N4 JLPT, 特定介護', '日本で働く', '有', 400000, '介護　　　特定技能性', 600, '介護教師', '無し', 'ーー'),
(9, '24', 'HNIN MOE SAN.jpeg', 'HNIN MOE SAN', 'ニン　モー　サン', '女', '2002-10-27', 20, 'ミャンマー', '仏教徒', '56', 'MH327623', 'NO.78, THIRI STREET, SANCHAUNG TOWNSHIP, YANGON DIVISION.', 'THA PYAE CHAUNG VILLAGE, LABUTTA TOWNSHIP, AYEYARWADDY DIVISION.', ' +95 9 689 806 674', '0000-00-00 00:00:00', 'JFTA2, N3 終わった', 143, 44, '無し', 'B', '良い', '無し', '右', '有', '無し', '無し', '無し', '無し', '日本語', 'JFTA2, 特定介護', '', '有', 400000, '介護　　　特定技能性', 350, '日本語教師', '無し', 'ーー'),
(10, '25', 'HSU MYAT NOE.jpeg', 'HSU MYAT NOE', 'ス　ミャッ　ノー', '女', '1997-08-29', 25, 'ミャンマー', '仏教徒', '57', 'MG856676', 'NO.824, BOCHO STREET, 46 WARD, NORTH DAGON TOWNSHIP, YANGON DIVISION.', 'NO.824, BOCHO STREET, 46 WARD, NORTH DAGON TOWNSHIP, YANGON DIVISION.', '+95 9 757 893 082, +95 9 250 507 437', '0000-00-00 00:00:00', 'N4 JLPT, N3 勉強中', 166, 43, '無し', 'AB', '良い', '無し', '右', '有', '無し', '無し', '無し', '無し', '日本語', 'N4 JLPT, 特定介護', '日本で働く', '有', 700000, '介護　　　特定技能性', 500, '自分の介護施設を開きた介護教師', '無し', 'ーー'),
(11, '26', 'EI KYI PHYU.jpeg', 'EI KYI PHYU', 'イー　チィー　ピュー', '女', '2002-03-20', 21, 'ミャンマー', '仏教徒', '58', 'MH357481', 'NO.2317, SHWE THA ZIN STREET, 19 WARD, SHWE PYI THAR TOWNSHIP, YANGON DIVISION.', 'NO.2317, SHWE THA ZIN STREET, 19 WARD, SHWE PYI THAR TOWNSHIP, YANGON DIVISION.', '+95 9 740 939 175 , +95 9 796 026 866', '0000-00-00 00:00:00', 'JFTA2, N3 勉強中', 170, 56, '無し', 'A', '良い', '無し', '右', '有', '無し', '無し', '無し', '無し', '日本語', 'JFTA2, 特定介護', '日本で働く', '有', 700000, '介護　　　特定技能性', 700, '日本語学校を開いて、介護施設を支えたい', '無し', 'ーー'),
(12, '27', 'AYE THANDAR.jpeg', 'AYE THANDAR', 'エー　タンダー', '女', '2003-08-06', 20, 'ミャンマー', '仏教徒', '274', 'MH805119', 'NO.152, THANTAR 12 STREET, NGA WARD, NORTH OKKALAPA TOWNSHIP, YANGON DIVISION.', 'NO.152, THANTAR 12 STREET, NGA WARD, NORTH OKKALAPA TOWNSHIP, YANGON DIVISION.', '+95 9 964 963 810, +95 9 798 255 602', '2022-07-11 00:00:00', 'N2　勉強中', 157, 46, '無し', 'A', '良い', '無し', '右', '有', '無し', '無し', '無し', '無し', '日本語', 'JFTA2,　JLPT N3,  特定介護', '日本で働く', '有', 300000, '介護　特定技能', 500, '介護教室を開きたい', '無し', '―'),
(13, '28', 'KHAING PANN WUTT YEE.jpeg', 'KHAING PANN WUTT YEE', 'カイン　パン　ウィッ　イー', '女', '2003-08-18', 20, 'ミャンマー', '仏教徒', '273', 'MH331336', 'NO.708/B, KHA 9 STREET, BAYINT NAYNG ROAD, INSEIN TOWNSHIP, YANGON DIVISION.', 'AKE GYI VILLAGE, DEDAYE TOWNSHIP, AYEYARWADDY DIVISION. ', '+95 9 774 289 860, +95 9 756 445 113', '2022-10-03 00:00:00', 'N2 勉強中', 162, 39, '無し', 'A', '良い', '無し', '右', '有', '無し', '無し', '無し', '無し', '日本語', 'JFTA2, JLPT N3、特定介護', '日本で働く', '有', 300000, '介護　　　特定技能', 300, '日本語教師になりたい', '無し', '―'),
(14, '29', 'MIN KHANT KYAW.jpeg', 'MIN KHANT KYAW', 'ミン　カッン　チョー', '男', '2004-02-05', 19, 'ミャンマー', '仏教徒', '61', 'MH131705', 'YADANA BONE STREET, 90 WARD, DAGON SEIKKAN TOWNSHIP, YANGON DIVISION.', 'YADANA BONE STREET, 90 WARD, DAGON SEIKKAN TOWNSHIP, YANGON DIVISION.', '+95 9 989 551 498, +95 9 454 162 916', '0000-00-00 00:00:00', 'JFTA2, N3 勉強中', 162, 62, '無し', 'O', '良い', '無し', '右', '有', '無し', '無し', '無し', '無し', '日本語', 'JFTA2, 特定介護', '日本で働く', '有', 1300000, '介護　　　特定技能性', 300, '介護関係仕事をやりたい', '無し', 'ーー'),
(25, '41', 'SHUN LAT THU.jpeg', 'SHUN LAI THU', 'ショーン　レィ　トゥー', '女', '1998-11-10', 24, 'ミャンマー', '仏教徒', '32', 'MH057089', 'NO. 36, AUNG THA PYAY 2ND STREET, 3 WARD, MAYANGONE TOWNSHIP, YANGON DIVISION.', 'PAGODA VILLAGE, PWINT PHYU TOWNSHIP, MAGWAY DIVISION.', '+95 9 451 698 747, +95 9 668 421 200', '0000-00-00 00:00:00', 'JFTA2, N3 終わった', 145, 47, '無し', 'B', '良い', '無し', '右', '有', '無し', '無し', '無し', '無し', '日本語', 'JFTA2  特定外食', '日本で働く', '有', 300000, '介護　　　特定技能性', 300, '老人ホームを開きたい', '無し', 'ーー'),
(26, '42', 'KYAW ZIN THAT.jpeg', 'KYAW ZIN THAT', 'チョー　ゼイン　テッ', '男', '1997-09-15', 25, 'ミャンマー', '仏教徒', '33', 'MH153790', 'MINGALADON TOWNSHIP, YANGON DIVISION.', 'PAUNGDE TOWNSHIP, BAGO DIVISION.', '+95 9 766 166 656, +95 9 683 914 493 ', '2022-02-12 00:00:00', 'N4 JLPT, N3 勉強終わった', 162, 48, '無し', 'AB', '良い', '無し', '右', '無し', '無し', '無し', '無し', '無し', '日本語', 'N4 JLPT, 特定介護', '日本で働く', '有', 300000, '介護　　　特定技能性', 250, '自営業', '無し', 'ーー'),
(27, '43', 'TAR TAR AYE.jpeg', 'TAR TAR AYE', 'ター　ター　エ―', '女', '2003-02-18', 20, 'ミャンマー', '仏教徒', '158', 'MH325839', 'NO.10/B, 154 STREET, TAMWE TOWNSHIP, YANGON DIVISION.', 'KYANKHIN VILLAGE, TATKONE TOWNSHIP, NAYPYITAW CAPITAL, MANDALAY DIVISION.', '+95 9 256 069 274, +95 9 664 438 276', '2020-12-24 00:00:00', 'JFTA2, N3 勉強中', 155, 49, '無し', 'B+', '良い', '無し', '右', '有', '無し', '無し', '無し', '無し', '日本語', 'JFTA2, 特定介護', '日本で働く', '有', 300000, '介護　　　特定技能', 300, '介護福祉になりたい', '無し', 'ーー'),
(28, '8', 'PHYO KHANT AUNG.jpeg', 'PHYO KHANT AUNG', 'ピョー　カン　アウン', '男', '2003-03-20', 20, 'ミャンマー', '仏教徒', '35', 'MH189433', 'KARLAY GATE, SHWEPYITHAR TOWNSHIP, YANGON DIVISION.', 'ZEEGONE VILLAGE, HTANTAPIN TOWNSHIP, BAGO DIVISION.', '+95 9 989 697 146, +95 9 251 733 927', '2021-03-15 00:00:00', 'JFTA2, N3 終わった', 164, 75, '無し', 'B', '良い', '無し', '右', '有', '無し', '無し', '無し', '無し', '日本語, マレーシア語', 'JFTA2, 特定介護', '日本で働く', '有', 900000, '介護　　　特定技能性', 300, 'レストラントを開きたい', '無し', 'ーー'),
(30, '39', 'SHINN THANT PHYO.jpeg', 'SHINN THANT PHYO', 'シン　タンッ　ピョー　', '女', '1999-09-15', 23, 'ミャンマー', '仏教徒', '38', 'MH418843', 'NO.90, YADANAR STREET, KAMARYUT TOWNSHIP, YANGON DIVISION.', 'GWE CHAUNG VILLAGE, WARKEMA TOWNSHIP, AYEYARWADDY DIVISION.', '+95 9 459 310 951, +95 9 695 407 893', '2021-05-10 00:00:00', 'JFTA2, N3 勉強中', 163, 50, '無し', 'A', '良い', '無し', '右', '有', '無し', '無し', '無し', '無し', '日本語', 'JFTA2, 特定介護', '日本で働く', '有', 500000, '介護　　　特定技能性', 500, '介護施設を開きたい', '無し', 'ーー'),
(32, '52', 'ZAW ZAW LATT.jpeg', 'ZAW ZAW LATT', 'ザョ　ザョ　ラッ', '男', '2001-04-23', 22, 'ミャンマー', '仏教徒', '40', 'MH287189', 'NO. (425), ZIZAWAR STREET, 12 WARD, SHWEPYITHAR TOWNSHIP, YANGON DIVISION.', 'THA PYAY VILLAGE, HTANTAPIN TOWNSHIP, TAUNGOO DISTRICT, BAGO DIVISION.', '+95 9 690 363 615, +95 9 424 503 774', '2022-01-20 00:00:00', 'JFTA2, N2 勉強中', 167, 66, '無し', 'O+', '良い', '無し', '右', '有', '無し', '無し', '無し', '無し', '日本語', 'JFTA2, 特定介護', '日本で働く', '有', 500000, '介護　　　特定技能性', 500, '介護室を開きたい', '無し', 'ーー'),
(33, '53', 'NAY LIN HTET.jpeg', 'NAY LIN HTET', 'ネィ―　リン　テッ', '男', '1999-05-07', 24, 'ミャンマー', '仏教徒', '41', 'MG728109', 'TOECHAE (1) STREET, KYAUKKYEESU QUARTER, BAGO DIVISION.', 'TOECHAE (1) STREET, KYAUKKYEESU QUARTER, BAGO DIVISION.', '+95 9 969 409 649, +95 9 789 585 887', '2021-09-12 00:00:00', 'JLPT N3, N2 勉強中', 171, 62, '無し', 'O', '良い', '無し', '右', '有', '無し', '無し', '無し', '無し', '日本語', 'N3 JLPT, 特定介護', '日本で働く', '有', 500000, '介護　　　特定技能性', 300, 'カフエー屋', '無し', 'ーー'),
(36, '51', 'NANT AYE WINT WAR HTUN.jpeg', 'NANT AYE WINT WAR HTUN', 'ナッ　エ―　ワイッ　ワ―　トゥン', '女', '2003-10-12', 19, 'ミャンマー', '仏教徒', '44', 'MH280471', 'KANTAW STREET, THINGANGUN TOWNSHIP, YANGON DIVISION.', 'KAMARPAR VILLAGE, KUNGYANGON TOWNSHIP, YANGON DIVISION.', '+95 9 967 634 180, +95 9 666 368 222', '2021-12-20 00:00:00', 'JFTA2, N3 勉強中', 158, 45, '無し', 'O', '良い', '無し', '右', '有', '無し', '無し', '無し', '無し', '日本語', 'JFTA2, 特定介護', '日本で働く', '有', 300000, '介護　　　特定技能性', 300, '自営業', '無し', 'ーー'),
(37, '54', 'CHU ZIN THEINT.jpg', 'CHYU ZIN THEINT', 'チュ　ゼエー　ティッ', '女', '2000-01-06', 23, 'ミャンマー', '仏教徒', '50', 'MH131924', 'NO. (191), MYINTHAWTHAR 2nd STREET, NANTHAWYAR WARD, BAGO DIVISION.', 'NO. (191), MYINTHAWTHAR 2nd STREET, NANTHAWYAR WARD, BAGO DIVISION.', '+95 9 763 163 733, +95 9 252 611 600', '0000-00-00 00:00:00', 'JFTA2, N3 勉強中', 155, 45, '無し', 'O', '良い', '無し', '右', '有', '無し', '無し', '無し', '無し', '日本語', 'JFTA2, 特定介護', '日本で働く', '有', 400000, '介護　　　特定技能性', 350, '介護室を開きたい', '無し', 'ーー'),
(38, '59', 'SU SU THIN.jpeg', 'SU SU THIN', 'ス　ス　ティン', '女', '2003-05-30', 20, 'ミャンマー', '仏教徒', '46', 'MH687293', 'HTEINSON 7 STREET, TANDAYPIN WARD, HMWEBI TOWNSHIP, YANGON DIVISION.', 'WARTAWSU VILLAGE, HTANTAPIN TOWNSHIP, YANGON DIVISION,', '+95 9 762 185 963, +95 9 402 011 349', '2022-10-05 00:00:00', 'JFTA2, N3 終わった', 155, 60, '無し', 'B', '良い', '無し', '右', '有', '無し', '無し', '無し', '無し', '日本語', 'JFTA2, 特定介護, 介護福祉証明書', '日本で働く', '有', 300000, '介護　　　特定技能性', 300, '介護関係', '無し', 'ーー'),
(41, '76', 'AUNG MYINT MYAT MOE.jpeg', 'AUNG MYINT MYAT MOE', 'アウン　ミィッ　ミャッ　モー', '男', '1999-03-28', 24, 'ミャンマー', '仏教徒', '49', 'MG525229', 'SEINPAN MYAING 2 STREET, 7 WARD, HLAINGTHAR TOWNSHIP, YANGON DIVISION.', 'SEINPAN MYAING 2 STREET, 7 WARD, HLAINGTHAR TOWNSHIP, YANGON DIVISION', '+95 9 779 786 868, +95 9 404 068 686', '2022-05-12 00:00:00', 'N4 JLPT, N3 勉強中', 156, 58, '無し', 'A', '良い', '無し', '右', '有', '無し', '無し', '無し', '無し', '日本語', 'N4 JLPT, 特定介護', '日本で働く', '有', 400000, '介護　　　特定技能性', 300, '母国で介護技術を生かしたい', '無し', 'ーー'),
(42, '50', 'NYAN LIN PHYO.jpeg', 'NYAN LIN PHYO', 'ニャン　リン　ピョー', '男', '1995-05-23', 28, 'ミャンマー', '仏教徒', '51', 'MH190503', 'NO.129, THIRI STREET, ISEIN TOWNSHIP, YANGON DIVISION.', 'NO.129, THIRI STREET, ISEIN TOWNSHIP, YANGON DIVISION.', '+95 9 421 726 422, +95 9 50 75 440', '2019-11-25 00:00:00', 'JFTA2, N3 勉強中', 165, 76, '無し', 'B', '良い', '無し', '右', '有', '無し', '無し', '無し', '無し', '日本語', 'JFTA2, 特定介護, 運転免許証', '日本で働く', '有', 500000, '介護　　　特定技能性', 300, '介護関係仕事をやりたい', '無し', 'ーー'),
(43, '58', 'MYO THANDR OO.jpg', 'MYO THANDAR OO', 'ミョー　タンダー　ウー', '女', '1997-01-23', 26, 'ミャンマー', '仏教徒', '62', 'MG772341', 'MAWLAMYINE TOWNSHIP, MON STATE.', 'HMAWBI TOWNSHIP, YANGON DIVISION.', '+95 9 681 903 255', '2021-11-04 00:00:00', 'JFTA2, N3 勉強中', 152, 56, '無し', 'O', '良い', '無し', '右', '有', '無し', '無し', '無し', '無し', '日本語', 'JFTA2, 特定介護', '日本で働く', '有', 300000, '介護　　　特定技能性', 300, '介護について仕事をしたい', '無し', 'ーー'),
(44, '68', 'DAE DI SINT PHU WAI.jpg', 'Dae DI SINT PHU WAI', 'デ―　デ　セン　ピュー　ウェー', '女', '1993-12-25', 29, 'ミャンマー', '仏教徒', '63', 'MH325877', 'NO. (25), BAYINTNAUNG STREET, OTARMYOTHIT, BAGO DIVISION.', 'THEINZAYET TOWNSHIP, MON STATE.', '+95 9 254 580 103', '2021-06-11 00:00:00', 'JFTA2, N3 勉強中', 154, 60, '無し', 'O', '良い', '無し', '右', '有', '無し', '無し', '無し', '無し', '日本語', 'JFTA2, 特定介護', '日本で働く', '有', 500000, '介護　　　特定技能性', 300, '介護について仕事をしたい', '無し', 'ーー'),
(45, '71', 'AYE MYAT THU.jpg', 'AYE MYAT THU', 'ェー　ミャッ テゥー', '女', '1999-12-19', 23, 'ミャンマー', '仏教徒', '64', 'MH179452', 'SHAN THUGYI KONE VILLAGE, BAGO TOWNSHIP, BAGO DIVISION.', 'SHAN THUGYI KONE VILLAGE, BAGO TOWNSHIP, BAGO DIVISION.', '+95 9 782 579 104', '2022-07-21 00:00:00', 'JFTA2, N3 勉強中', 162, 48, '無し', 'B', '良い', '無し', '右', '有', '無し', '無し', '無し', '無し', '日本語', 'JFTA2, 特定介護', '日本で働く', '有', 500000, '介護　　　特定技能性', 300, '介護について仕事をしたい', '無し', 'ーー'),
(46, '75', 'THAZIN KHINE.jpeg', 'THAZIN KHINE', 'タ　ザィン　カウン', '女', '2003-10-09', 20, 'ミャンマー', '仏教徒', '270', 'MH715364', 'NO. (13), BAHANN 3rd STREET, BAHANN TOWNSHIP, YANGON DIVISION.', 'BAYARLAYSU VILLAGE, THANBYUZAYET TOWNSHIP, MON STATE.', '+95 9 687 706 208', '2022-07-11 00:00:00', 'JFTA2, N3 勉強中', 158, 47, '無し', 'B', '良い', '無し', '右', '有', '無し', '無し', '無し', '無し', '日本語', 'JFTA2, 特定介護', '日本で働く', '有', 300000, '介護　　　特定技能性', 300, 'パソコンショップを開きたい', '無し', '―'),
(47, '69', 'ZIN MIN THET.jpg', 'ZIN MIN THET', 'ジン　ミン　テッ', '女', '2005-05-20', 18, 'ミャンマー', '仏教徒', '66', 'MH554922', 'N0. (2640), INWIN 4th STREET, NANTAWYAR WARD, BAGO DIVISION.', 'BAGO TOWNSHIP, BAGO DIVISION.', '+95 9 950 857 070', '2021-12-23 00:00:00', 'JFTA2, N3 勉強中', 160, 59, '無し', 'A', '良い', '無し', '右', '有', '無し', '無し', '無し', '無し', '日本語', 'JFTA2, 特定介護', '日本で働く', '有', 300000, '介護　　　特定技能性', 300, '介護について仕事をしたい', '無し', 'ーー'),
(48, '78', 'TIN AUNG KYAW.jpg', 'TIN AUNG KYAW', 'テイン　アウン　キョウ', '男', '2000-05-17', 23, 'ミャンマー', '仏教徒', '67', 'MG052590', 'NO. 18, BAYINTNAUNG STREET, OTHARMYOTHIT 4th WARD, BAGO DIVISION.', 'NO.18, NWENI STREET, MYOMA 2 WARD, KYIKEHTO TOWNSHIP, MON STATE.', '+95 9 454 406 332', '2021-12-12 00:00:00', 'JFTA2, N3 勉強中', 165, 50, '無し', 'B+', '良い', '無し', '右', '有', '無し', '無し', '無し', '無し', '日本語', 'JFTA2, 特定介護', '日本で働く', '有', 500000, '介護　　　特定技能性', 300, '介護について仕事をしたい', '無し', 'ーー'),
(50, '79', 'NU NU HTWE.jpeg', 'NU NU HTWE', 'ヌ　ヌ　トゥエー', '女', '2001-09-21', 21, 'ミャンマー', '仏教徒', '71', 'MH063724', 'KYIMYINDINE TOWNSHIP, YANGON DIVISION.', 'SALUUTAW, KYIKENAUT, DIKEOO TOWNSHIP, BAGO DIVISION.', '+95 9 986 663 033, +95 9 762 626 837', '2021-03-12 00:00:00', 'JFTA2, N3 勉強中', 152, 41, '無し', 'O', '良い', '無し', '右', '有', '無し', '無し', '無し', '無し', '日本語', 'JFTA2, 特定介護', '日本で働く', '有', 900000, '介護　　　特定技能性', 300, '介護の', '無し', 'ーー'),
(52, '81', 'HEIN ZIN LIN.png', 'HEIN ZIN LIN', 'へイン　ジン　リン', '男', '2001-07-08', 22, 'ミャンマー', '仏教徒', '191', 'MG360686', 'THAYATKHONE VILLAGE, KAWA TONWSHIP, BAGO DIVISION.', 'THAYATKHONE VILLAGE, KAWA TONWSHIP, BAGO DIVISION.', '+95 9 975 284 951', '2022-12-22 00:00:00', 'N4 Nat- Test ,N3 勉強中', 163, 55, '無し', 'A', '良い', '無し', '右', '有', '無し', '無し', '無し', '有', '日本語', 'N4 ( Nat - Test)、JFT A2, 特定外食、運転免許証 、Forklift Operator ', '日本で働く', '有', 400000, '特定外食、　　　　　　　特定技能', 300, '自営業', '無し', 'ーー'),
(53, '82', 'MIN THU YA NAING.png', 'MIN THU YA NAING', 'ミン　トウ―　ヤ　ナイン', '男', '1998-06-23', 25, 'ミャンマー', '仏教徒', '78', 'ME577986', 'Htan Pin Chaung Village ,Paung Township ,Mon State', 'Htan Pin Chaung Village ,Paung Township ,Mon State', '+95 9 681 953 665', '2022-09-12 00:00:00', 'N4 合格した、N3 晩胸中', 180, 78, '有', 'A', '良い', '無し', '右', '有', '無し', '無し', '無し', '無し', '日本語', 'N4 ( Nat - Test)、運転免許証 、Forklift Operator ', '日本で働く', '有', 400000, '建築業、外食業、農業、食品業　　、技能実習生', 300, '自営業', '無し', 'ーー'),
(54, '83', 'WUNNA KYAW.png', 'WUNNA KYAW', 'ワンナ　チョー', '男', '2002-12-11', 21, 'ミャンマー', '仏教徒', '249', 'MH682759', 'Kaling  Village,　Thanatpin　Township、Bago Region', 'Kaling  Village,　Thanatpin　Township、Bago Region', '(+95) 9 753 702 535', '2022-11-20 00:00:00', 'N3 勉強中', 167, 50, '無し', 'B', '良い', '無し', '右', '有', '無し', '無し', '無し', '有', '日本語', 'N4 JLPT, N4 Nat-Test, 特定外食', '日本で働く', '有', 400000, '外食, 宿泊　　　　　特定技能、技能実習', 300, 'ケーキ屋を開きたい', '無し', 'ーー'),
(57, '85', 'Hla Myo Nwe.jpeg', 'HLA MYO NWE', 'ラ　ミョ―　ヌェ', '女', '1997-11-05', 26, 'Myanmarミャンマー', '仏教徒', '83', 'MF775291', 'NO.441, 4TH FLOOR, THUDAMASAYE STREET, MYITTANYUNT WARD, TAMWE TOWNSHIP, YANGON DIVISION.', 'BUYAGYI VALLAGE, NANSANG TOWNSHIP, SHAN STATE (NORTH).', '+95 9 265 611 422, +95 9 765 226 693', '2022-06-21 00:00:00', 'JLPT N3 合格', 156, 55, '無し', 'O+', '良い', '無し', '右', '有', '無し', '無し', '無し', '無し', '日本語', 'JLPT N3 , COMPUTER BASIC', '日本に介護について留学したい', '有', 300000, '介護　　　　　　留学生', 0, '介護関係仕事をやりたい', '無し', 'ーー'),
(58, '87', 'PYAE PHYO MAW.jpg', 'PYAE PHYO MAW', 'ピイッ　フョオ　モー', '女', '1999-05-19', 25, 'ミャンマー', '仏教徒', '84', 'ー', 'NGWESABAL STREET, SHWEHNINSI ROAD, KONE TALABAUNG VILLAGE, MINGALARDON TOWNSHIPM YANGON DIVISION.', 'LETI VILLAGE, MAUNGTAUNG VILLAGE GROUP, BUTALIN TOWNSHIP, SAGAING DIVISION.', '+95 9 444 750 537', '2022-10-21 00:00:00', 'JLPT N3 合格, N2勉強中', 154, 47, '無し', 'A', '良い', '無し', '右', '有', '無し', '無し', '無し', '無し', '日本語', 'JLPT N3 , NURSING CARE JAPANESE LANGUAGE EVALUATION TEST', '日本に介護について留学したい', '有', 100000, '介護　　　　　留学生', 0, '介護関係仕事をやりたい', '無し', 'ーー'),
(59, '95', 'HTUN AEINDRA LWIN.jpg', 'HTUN AEINDRA LWIN', 'トウン　エインドラ―　ルイン', '女', '1996-02-25', 27, 'ミャンマー', '仏教徒', '85', 'MG918804', 'NO.421, 19/4 SATMU ROAD, SHWEPYITHAR TOWNSHIP, YANGON DIVISION.', 'NO.421, 19/4 SATMU ROAD, SHWEPYITHAR TOWNSHIP, YANGON DIVISION.', '+95 9 756 139 207', '2022-08-21 00:00:00', 'N4 JLPT', 153, 45, '無し', 'O', '良い', '無し', '右', '有', '無し', '無し', '無し', '無し', '日本語', 'JLPT N4, 特定介護', '日本で働く', '有', 400000, '介護　　　  特定技能性', 300, '自営業', '無し', 'ーー'),
(60, '96', 'MYA MYA SAN(PHOTO) (2).jpg', 'MYA MYA SAN', 'ミャ　ミャ　サン', '女', '1995-02-01', 28, 'ミャンマー', '仏教徒', '86', 'MH188514', 'NYUNG PIN THAR VILLAGE, MAHLAING TOWNSHIP, MANDALAY DIVISION.', 'NYUNG PIN THAR VILLAGE, MAHLAING TOWNSHIP, MANDALAY DIVISION.', '+95 9 251 088 191', '2022-09-21 00:00:00', 'JFTA2', 152, 51, '無し', 'O', '良い', '無し', '右', '有', '無し', '無し', '無し', '無し', '日本語', 'JFTA2, 特定介護', '日本で働く', '有', 400000, '介護　　　特定技能性', 300, '自営業', '無し', 'ーー'),
(61, '97', 'SU MAW MYINT.jpeg', 'SU MAW MYINT', 'ス　モー　ミャィン', '女', '1994-05-17', 29, 'ミャンマー', '仏教徒', '271', 'MH309888', 'BAHO ROAD, KAMARYUT TOWNSHIP, YANGON DIVISION.', 'BAHO ROAD, KAMARYUT TOWNSHIP, YANGON DIVISION.', '+95 9 770 665 377, +95 9 254 030 821', '2022-07-11 00:00:00', 'N3 勉強中', 168, 70, '無し', 'B', '良い', '無し', '右', '有', '無し', '無し', '無し', '無し', '日本語', 'JFTA2,  特定外食', '日本で働く', '有', 300000, '介護　　　特定技能', 300, '介護施設を開きたい', '無し', '―'),
(62, '98', 'POE EI PHYU.jpeg', 'POE EI PHYU', 'ポー　イ　ピュー', '女', '1996-04-18', 27, 'ミャンマー', '仏教徒', '88', 'MH309911', 'DEEDOKE VILLAGE, WANTWIN TOWNSHIP, MANDALAY DIVISION.', 'DEEDOKE VILLAGE, WANTWIN TOWNSHIP, MANDALAY DIVISION.', '+95 9 442 340 354, +95 9 250 095 446', '2022-10-15 00:00:00', 'N4 JLPT', 160, 48, '無し', 'O', '良い', '無し', '右', '有', '無し', '無し', '無し', '無し', '日本語', 'N4 JLPT, 特定介護', '日本で働く', '有', 300000, '介護　　　特定技能性', 300, '自営業', '無し', 'ーー'),
(63, '100', 'Ni Ni Htun..jpeg', 'NI NI HTUN', '二　二　トウン', '女', '1998-07-17', 25, 'ミャンマー', '仏教徒', '272', 'MG344171', 'NO.15, ANAWMAR 1 STREET, 13 WARD, SOUTHOKKALAPA TOWNSHIP, YANGON DIVISION.', 'MIN YE KYAW SWAR WARD, MYINMU TOWNSHIP, SAGAING DIVISION.', '+95 9 787 750 061, +95 9 951 992 568', '2023-02-11 00:00:00', 'N3勉強中', 167, 50, '無し', 'AB+', '良い', '無し', '右', '有', '無し', '無し', '無し', '無し', '日本語', 'N4 JLPT, 特定介護', '日本で働く', '有', 300000, '介護　　　特定技能', 300, '介護施設を開きたい', '無し', '―'),
(64, '0010/01', 'Myo Thandar Lwin.jpeg', 'MYO THANDAR LWIN', 'ミョ―　タンダー　ルイン', '女', '2003-05-16', 20, 'ミャンマー', '仏教徒', '92', 'MH415800', '5TH STREET, THAYATPIN CHAUNG VILLAGE, DAGONMYOTHIT SEIKKAM TOWNSHIP, YANGON DIVISION.', '5TH STREET, THAYATPIN CHAUNG VILLAGE, DAGONMYOTHIT SEIKKAM TOWNSHIP, YANGON DIVISION.', '+95 9 251 135 990, +95 9 754 566 533', '0000-00-00 00:00:00', 'N4 JLPT, N3 勉強終わった', 160, 84, '無し', 'AB', '良い', '無し', '右', '有', '無し', '無し', '無し', '無し', '日本語', 'N4 JLPT, 特定介護, 看護補助と薬剤師補助', '日本で働く', '無し', 200000, '介護　　　特定技能性', 300, '薬局を開きたい', '無し', 'ーー'),
(65, '125', 'Kyaw Thu Ra photo.jpg', 'KYAW THU RA', 'チョー　トゥ　ラ', '男', '2004-01-05', 19, 'ミャンマー', '仏教徒', '97', 'MH779566', 'THALLA (4), MONYWA TOWNSHIP, SAGAING DIVISION.', 'ZAKWAL WARD, UZZANA (1) STREET, NORTH OKKALAPA TOWNSHIP, YANGON DIVISION.', '+95 9 984 393 557', '2021-10-11 00:00:00', 'JLPT N3 合格', 165, 51, '無し', 'B', '良い', '無し', '右', '有', '無し', '無し', '無し', '無し', '日本語', 'JLPT N3, 特定外食', '日本で働く', '有', 300000, '外食　　　　　特定技能', 300, '自営業', '無し', '―'),
(67, '130', 'PHYU ZIN MYINT.jpeg', 'PHYU ZIN MYINT', 'ピュー　ジン　ミィッ', '女', '1996-05-30', 27, 'ミャンマー', '仏教徒', '113', 'MH310018', 'KWATTHIT, DABEIN VILLAGE, HLEGU TOWNSHIP, YANGON DIVISION.', 'KWATTHIT, DABEIN VILLAGE, HLEGU TOWNSHIP, YANGON DIVISION.', '+95 9 693 665 587, +95 9 787 167 913', '0000-00-00 00:00:00', 'N4 JLPT, N3 勉強中', 155, 46, '無し', 'O', '良い', '無し', '右', '有', '無し', '無し', '無し', '無し', '日本語', 'N4 JLPT, 特定外食', '日本で働く', '有', 300000, '外食　　　　　特定技能', 300, 'レストランを開きたい', '無し', '―'),
(69, '135', 'EI KHAING.png', 'EI KHAING', 'イ　カイン', '女', '1996-07-04', 27, 'ミャンマー', '仏教徒', '103', 'ー', 'NO (32), BAWANA STREET, KYUNNTAW WARD, SANCHAUNG TOWNSHIP, YANGON DIVISION.', 'OHNPIN VILLAGE, KINOO TOWNSHIP, SAGAING DIVISION.', '+95 9 943 413 272, +95 9 422 641 197', '2021-12-08 00:00:00', 'N4 JLPT, N3 勉強中', 163, 47, '無し', 'B', '良い', '無し', '右', '有', '無し', '無し', '無し', '無し', '日本語', 'N4 JLPT, 特定介護', '日本で働く', '有', 400000, '介護　　　特定技能性', 300, '日本語の教師', '無し', 'ーー'),
(70, '136', 'MYO THIDAR HLAING (2).jpeg', 'MYO THIDAR HLAING', 'ミョ―　ティター　ライン　', '女', '2000-03-16', 23, 'ミャンマー', '仏教徒', '143', 'MH284833', 'ZAYGYI STREET, KYIMYINDINE TOWNSHIP, YANGON DIVISION.', 'NYUNGWON VILLAGE, MYITTHAR TOWNSHIP, MANDALAY DIVISION.', '+95 9 776 833 662, +95 9 751 428 003', '0000-00-00 00:00:00', 'JFTA2, N3 勉強中', 152, 48, '無し', 'O', '良い', '無し', '左', '有', '無し', '無し', '無し', '無し', '日本語', 'JFTA2, 特定介護', '日本で働く', '有', 300000, '介護　　　特定技能性', 300, '介護施設を開きたい', '無し', '―'),
(71, '150', 'THIN MYAT MOE (2).jpg', 'THIN MYAT MOE', 'テイン　ミャッ　モー', '女', '1998-05-08', 25, 'ミャンマー', '仏教徒', '109', 'MH963832', 'A/18, BAYINKNAUNG STREET, AUNGCHANTHAR-1 ,THANLYIN TOWNSHIP, YANGON DIVISION.', 'A/18, BAYINKNAUNG STREET, AUNGCHANTHAR-1 ,THANLYIN TOWNSHIP, YANGON DIVISION.', '+95 9 761 630 434', '2022-10-18 00:00:00', 'JFT A2, N3 勉強中', 150, 51, '無し', 'B', '良い', '無し', '右', '有', '無し', '無し', '無し', '無し', '日本語', 'JFTA2、特定食品製造、COMPUTER BASIC', '日本で働く', '有', 500000, '食品製造　　　　特定技能性', 300, '自営業', '無し', 'ーー'),
(72, '151', 'NAN CHAW KALYAR (2).png', 'NAN CHAW KALYAR', 'ナン　チョー　カレヤー', '女', '2001-03-05', 22, 'ミャンマー', '仏教徒', '110', 'MH960286', 'NAWART 9TH STREET, THARKAYTA TOWNSHIP, YANGON DIVISION.', 'KINMONINN VILLAGE GROUP, KYAUTTAKAR TOWNSHIP, BAGO DIVISION.', '+95 9 672 838 585', '2022-06-17 00:00:00', 'JLPTN4　合格した', 153, 45, '無し', 'B', '良い', '無し', '右', '有', '有', '無し', '無し', '無し', '日本語', 'JLPTN4, JFTA2、特定食品製造', '日本で働く', '有', 400000, '食品製造　　　　特定技能性', 300, '自営業', '無し', 'ーー'),
(75, '153', 'SAI WUNNA AUNG.jpg', 'SAI WUNNA AUNG', 'サイン　ワンナ　アウン', '男', '1999-06-27', 24, 'ミャンマー', '仏教徒', '182', 'MH409788', 'KROPI VILLAGE, THANBUZAYAT TOWNSHIP, MON STATE.', 'KROPI VILLAGE, THANBUZAYAT TOWNSHIP, MON STATE.', '+95 9 777 318 235', '2022-11-30 00:00:00', 'N4 終わった', 182, 86, '無し', 'A+', '良い', '無し', '右', '有', '無し', '無し', '無し', '有', '日本語', 'バイ免許証', '日本で働く', '有', 600000, '建設業, 　技能実習生', 300, '自営業', '無し', '―'),
(76, '173', '173.jpeg', 'ZAR NADI SOE', 'ザー　ナディ　ソー', '女', '2002-10-07', 21, 'ミャンマー', '仏教徒', '122', 'MH705867', 'THAMINE (2) WARD, MINYEKYAWSWAR STREET, HLAING TOWNSHIP, YANGON DIVISION.', 'SHINSAWPU STREET, MYOMA (2) WARD, MUDON TOWNSHIP, MON STATE.', '+95 9 955 151 962, +95 9 679 545 513', '0021-08-12 00:00:00', 'N4 JLPT, N3 勉強中', 135, 48, '無し', 'O', '良い', '無し', '右', '有', '無し', '無し', '無し', '無し', '日本語', 'JLPT N4, 特定介護', '日本で働く', '有', 300000, '介護　　　特定技能性', 300, '介護の仕事をしたい', '無し', '―'),
(77, '171', 'AYE THUZAR.jpeg', 'AYE THU ZAR', 'エー　トウ　ザー', '女', '2004-02-07', 19, 'ミャンマー', '仏教徒', '123', 'MH688298', '835 (B), SAGAING STREET, (5) WARD, SOUTH OKKALAPA TOWNSHIP, YANGON DIVISION.', 'LATTPANKONE VILLAGE, PADAUKCHAUNG GROUP, LEWE TOWNSHIP, NAYPYITAW.', '+95 9 422 630 936, +95 9 651 538 043', '2022-05-12 00:00:00', 'N4 JLPT, JFT A2, N3 勉強中', 157, 40, '無し', 'O', '良い', '無し', '右', '有', '無し', '無し', '無し', '無し', '日本語', 'JLPT N4, JFTA2, 特定介護', '日本で働く', '有', 300000, '介護　　　特定技能性', 300, '介護施設を開きたい', '無し', '―'),
(78, '168', 'THEINT THEINT PHYO.jpeg', 'THEINT THEINT PHYO', 'テインッ　テインッ　ピョ―', '女', '2001-06-24', 22, 'ミャンマー', '仏教徒', '124', 'MH327085', 'SAGA (5) STREET, SOUTH OKKALAPA TOWNSHIP, YANGON DIVISION.', 'KYAUNGPANNKONE VILLAGE, MINGIN TOWNSHIP, SAGAING DIVISION.', '+95 9 964 202 917, +95 9 459946 389', '2021-12-08 00:00:00', 'JLPTN4, N3 終わった', 161, 51, '無し', 'A', '良い', '無し', '右', '有', '無し', '無し', '無し', '無し', '日本語', 'N4 JLPT, 特定介護', '日本で働く', '有', 300000, '介護　　　特定技能性', 200, '介護施設を開きたい', '無し', '―'),
(80, '167', 'ZAR CHI MOE.jpeg', 'ZAR CHI MOE', 'ザー　チー　モー', '女', '1997-10-18', 26, 'ミャンマー', '仏教徒', '139', 'MG777516', 'NO (16), MALARMYAING (7) STREET, HLAING TOWNSHIP, YANGON DIVISION.', 'SHWEKYATTON VILLAGE, SALINGYI TOWNSHIP, SAGAING DIVISION.', '+95 9 428 066 772, +95 9 981 152 564', '0000-00-00 00:00:00', 'JFTA2, N3 勉強中', 162, 50, '無し', 'B+', '良い', '無し', '右', '有', '無し', '無し', '無し', '無し', '日本語', 'JFTA2, 特定介護', '日本で働く', '有', 700000, '介護　　　特定技能性', 300, '自営業', '無し', '―'),
(81, '174', 'AYE THIDA.jpeg', 'AYE THIDA', 'エ　ティダー', '女', '2002-01-22', 21, 'ミャンマー', '仏教徒', '142', 'MH264544', 'NO (13), KYANKINN STREET, SANCHAUNG TOWNSHIP, YANGON DIVISION.', 'NO (133), KANPYO WARD, HLAINGTHARYAR TOWNSHIP, YANGON DIVISION.', '+95 9 776 697 839, +95 9 683 630 700', '0000-00-00 00:00:00', 'JFTA2, N3 勉強中', 165, 70, '無し', 'A', '良い', '無し', '右', '有', '無し', '無し', '無し', '無し', '日本語', 'JFTA2, 特定介護', '日本で働く', '有', 300000, '介護　　　特定技能性', 300, '自営業', '無し', '―'),
(82, '170', 'SHOON LAE TUN.jpeg', 'SHOON LAE TUN', 'シユン　レッ　トゥン', '女', '2001-05-13', 22, 'ミャンマー', '仏教徒', '128', 'MH762263', 'NO (13), KYANKINN STREET, SANCHAUNG TOWNSHIP, YANGON DIVISION.', 'KWYALKAN VILLAGE, KYAUKPADAUNG TOWNSHIP, MANDALAY DIVISION.', '+95 9 788 613 522, +95 9 693 904 788', '2021-08-12 00:00:00', 'JFTA2, N3 勉強中,', 157, 40, '無し', 'O', '良い', '無し', '右', '有', '無し', '無し', '無し', '無し', '日本語', 'JFTA2, 特定介護', '日本で働く', '有', 300000, '介護　　　特定技能性', 300, '自営業', '無し', '―'),
(83, '172', 'THIN EI EI PHYO.jpeg', 'THIN EI EI PHYO', 'ティン　イ　イ　ピョー', '女', '2001-07-20', 22, 'ミャンマー', '仏教徒', '141', 'MH576712', 'NO (103), THUKHAMYAING (4) STREET, HLAING TOWNSHIP, YANGON DIVISION.', 'DAYAL VILLAGE, CHAUNGSONE TOWNSHIP, MON STATE.', '+95 9 772 925 080', '2021-12-04 00:00:00', 'N4 JLPT, N3 勉強中', 155, 42, '無し', 'O', '眼鏡をかけた', '無し', '右', '有', '無し', '無し', '無し', '無し', '日本語', 'N4 JLPT, 特定介護', '日本で働く', '有', 400000, '介護　　　特定技能性', 300, '介護施設を開きたい', '無し', '―'),
(84, '169', 'KYAWT KYAWT KHAING.jpeg', 'KYAWT KYAWT KHAING', 'チョッ　チョッ　カイン', '女', '1999-05-10', 24, 'ミャンマー', '仏教徒', '140', 'MG540441', 'NO (16), MALARMYAING (7) STREET, HLAING TOWNSHIP, YANGON DIVISION.', 'SHANKINE VILLAGE, TAYAR VILLAGE GROUP, SALINGYI TOWNSHIP, SAGAING DIVISION.', '+95 9 977 905 073, +95 9 401 714 818', '0000-00-00 00:00:00', 'JFTA2, N3 勉強中', 154, 52, '無し', 'B', '良い', '無し', '左', '有', '無し', '無し', '無し', '無し', '日本語', 'JFTA2, 特定介護', '日本で働く', '有', 500000, '介護　　　特定技能性', 300, '介護施設を開きたい', '無し', '―'),
(85, '166', 'KHAING THWE HNIN.jpeg', 'KHAING THWE HNIN', 'カイン　トエー　二ン', '女', '1997-06-08', 26, 'ミャンマー', '仏教徒', '138', 'MH138854', 'NO (85), 6th FLOOR, HLEDAN ROAD, KAMAYUT TOWNSHIP, YANGON DIVISION.', 'TAWSEINT VILLAGE, SALIN TOWNSHIP, MAGWAY DIVISION.', '+95 9 448 196 784, +95 9 962 755 315', '0000-00-00 00:00:00', 'JFTA2, N3 勉強中', 157, 45, '無し', 'A', '良い', '無し', '右', '有', '無し', '無し', '無し', '無し', '日本語', 'JFTA2, 特定介護', '日本で働く', '有', 500000, '介護　　　特定技能性', 300, '介護施設を開きたい', '無し', '―'),
(86, '165', 'KHIN THIDA HNIN.jpeg', 'KHIN THIDAR HNIN', 'キン　ティダー　二ン', '女', '1999-04-11', 24, 'ミャンマー', '仏教徒', '136', 'MH290143', 'NO (4), ZAY STREET, KAMAYUT TOWNSHIP, YANGON DIVISION.', 'KYATTE VILLAGE, PYAWBWE TOWNSHIP, MANDALAY DIVISION.', '+95 9 763 284 091, +95 9  679 714 608', '2021-12-11 00:00:00', 'JFTA2, N3 勉強中', 150, 40, '無し', 'A', '良い', '無し', '右', '有', '無し', '無し', '無し', '無し', '日本語', 'JFTA2, 特定介護', '日本で働く', '有', 300000, '介護　　　特定技能性', 300, '自営業', '無し', '―'),
(89, '177', 'KYAWT KYAWT.jpg', 'KYAWT KYAWT', 'チョッ　チョッ', '女', '2002-07-08', 21, 'ミャンマー', '仏教徒', '159', 'MH028496', '7th STREET, 3 (KHA) WARD, MINGALARDON TOWNSHIP, YANGON DIVISION.', 'DINEKAUNGKONE VILLAGE, WUNDWIN TOWNSHIP, MANDALAY DIVISION.', '+95 9 766 006 193, +95 9 975 399 964', '2022-05-03 00:00:00', 'N4 JLPT, N3 勉強中', 163, 57, '無し', 'O', '良い', '無し', '右', '有', '無し', '無し', '無し', '無し', '日本語', 'N4 JLPT, 特定介護', '日本で働く', '有', 300000, '介護　　　特定技能性', 300, '自営業', '無し', '―'),
(93, '181', 'MYO ZIN TUN.jpeg', 'MYO ZIN TUN', 'ミョ―　ジン　トウン', '男', '1997-07-10', 26, 'ミャンマー', '仏教徒', '180', 'MG112908', '015, WISARANA STREET, BOBONE WARD, BAGO TOWNSHIP, BAGO DIVISION.', '015, WISARANA STREET, BOBONE WARD, BAGO TOWNSHIP, BAGO DIVISION.', '+95 9 261 320 161, +95 9 966 492 609', '2023-01-24 00:00:00', 'N4 終わった', 167, 49, '無し', 'O', '良い', '無し', '右', '有', '無し', '無し', '無し', '有', '日本語, 中国語', '―', '日本で働く', '有', 300000, '溶接作業、技能実習生', 300, '雑貨屋', '無し', '―'),
(94, '182', 'MYO MIN HTUN.jpg', 'MYO MIN HTUN', 'ミョ―　ミン　トウン', '男', '2004-04-15', 19, 'ミャンマー', '仏教徒', '176', 'MH304328', 'NYAUNGKHARSHE VILLAGE, WAW TOWNSHIP, BAGO DIVISION.', 'NYAUNGKHARSHE VILLAGE, WAW TOWNSHIP, BAGO DIVISION.', '+95 9 669 274 022, +95 9 963 156 525', '2022-07-14 00:00:00', 'N4 終わった', 169, 70, '無し', 'B', '良い', '無し', '右', '有', '無し', '無し', '無し', '有', '日本語', '―', '日本で働く', '有', 300000, '溶接作業、技能実習生', 300, '自営業', '無し', '―'),
(95, '0016/01', 'WIN NAING THEIN.jpeg', 'WIN NAING THEIN', 'ウイン　ナイン　ティン', '男', '2004-12-04', 19, 'ミャンマー', '仏教徒', '168', 'MH786457', 'MAUTAW VILLAGE, NORTH KANGYI VILLAGE GROUP, PYAWBWE TOWNSHIP, MANDALAY DIVISION.', 'NO (382), KANBAWZA STREET, 18B WARD, SOUTH DAGON TOWNSHIP, YANGON DIVISION.', '+95 9 664756 478', '2022-07-14 00:00:00', 'N4 終わった', 165, 62, '無し', 'O', '良い', '無し', '右', '有', '無し', '無し', '無し', '有', '日本語', '―', '日本で働く', '有', 300000, '塗装作業、技能実習生', 300, '自営業', '無し', '―'),
(96, '0033', 'ZWE WAI YAN HEIN.jpeg', 'ZWE WAI YAN HEIN', 'ズエ　ウェー　ヤン　へイン', '男', '2002-05-28', 21, 'ミャンマー', '仏教徒', '174', 'MH509563', 'NO (306), KYAIK KALOON PON PAGODA, BOKONE (18), BAGO TOWNSHIP, BAGO DIVISION.', 'NO (306), KYAIK KALOON PON PAGODA, BOKONE (18), BAGO TOWNSHIP, BAGO DIVISION.', '+95 9 778 853 646, +95 9 955 451 421', '2023-01-24 00:00:00', 'N4 終わった', 169, 90, '無し', 'A+', '良い', '無し', '右', '有', '無し', '無し', '無し', '有', '日本語', '―', '日本で働く', '有', 300000, '塗装作業、技能実習生', 300, '自営業', '無し', '―'),
(97, '0006', 'AUNG AUNG HTOO.jpeg', 'AUNG AUNG HTOO', 'アウン　アウン　トウー', '男', '2001-08-26', 22, 'ミャンマー', '仏教徒', '171', 'ー', 'MAZIN WARD, SHWETHARLYAUNG KYAYNIKAN (MONSU), BAGO TOWNSHIP, BAGO DIVISION.', 'SHWEYAUNGTAW VILLAGE, MINBU TOWNSHIP, MAGWAY DIVISION.', '+95 9 787 734 925, +95 9 796 750 596, +95 9 797 230 077', '2022-01-17 00:00:00', 'N4 終わった', 178, 50, '有', 'A', '良い', '無し', '右', '有', '無し', '無し', '無し', '有', '日本語', '無し', '日本で働く', '有', 300000, '塗装作業、技能実習生', 300, '自営業', '無し', '―'),
(99, '185', 'THEINT THEINT THU.jpg', 'THEINT THEINT THU', 'ティッ　ティッ　トゥ', '女', '2003-07-25', 20, 'ミャンマー', '仏教徒', '199', 'MH427361', 'NO (264), SAPAL STREET, (22) WARD, SOUTH DAGON TOWNSHIP, YANGON DIVISION.', 'NO (264), SAPAL STREET, (22) WARD, SOUTH DAGON TOWNSHIP, YANGON DIVISION.', '+95 9 782 986 915, +95 9 254 003 882', '2022-02-22 00:00:00', 'JLPT N4, N3 勉強中', 158, 46, '無し', 'O', '良い', '無し', '右', '有', '無し', '無し', '無し', '無し', '日本語', 'JLPT N4 , COMPUTER BASIC', '日本で働く', '有', 500000, '工業包装、技能実習生', 300, '自営業', '無し', '―'),
(100, '210', 'THINZAR OO.jpg', 'THINZAR OO', 'ティンザー　ウー', '女', '2000-06-02', 23, 'ミャンマー', '仏教徒', '266', 'MH738171', 'MAHLWAGONE STREET, KYAUKMYAUNG TOWNSHIP, YANGON DIVISION.', 'KARROAKPI  VILLAGE, THANBYUZAYAT TOWNSHIP, MON STATE.', '+95 9 780 430 672, +95 9 762 128 301', '2022-11-15 00:00:00', ' N3 勉強中', 157, 40, '無し', 'B', '良い', '無し', '右', '有', '無し', '無し', '無し', '無し', '日本語', 'JLPT N4 , 特定外食、  COMPUTER BASIC COURSE　, BASIC  ENGLISH SPEAKING', '日本で働く', '有', 400000, '外食　　　　　特定技能', 300, 'レストランを開きたい', '無し', '―'),
(103, '212', 'KHIN NYEIN AYE.jpg', 'KHIN NYEIN AYE', 'キン　二エイン　エー', '女', '1999-08-28', 24, 'ミャンマー', '仏教徒', '217', 'MF425927', 'KHIN TAN GYI VILLAGE, KYAUKTAGA TOWNSHIP, BAGO DIVISION.', 'KHIN TAN GYI VILLAGE, KYAUKTAGA TOWNSHIP, BAGO DIVISION.', '+95 9 252 512 702', '2021-06-11 00:00:00', 'JLPT N4, N3 勉強中', 155, 45, '無し', 'O', '良い', '無し', '右', '有', '無し', '無し', '無し', '無し', '日本語', 'JLPT N4, 特定外食', '日本で働く', '有', 300000, '外食　　　　　特定技能', 300, 'レストランを開きたい', '無し', '―'),
(104, '211', 'HSEE HSAR LIN.jpg', 'HSEE HSAR LIN', 'シー　サ―　リン', '女', '2001-02-01', 22, 'ミャンマー', '仏教徒', '230', 'MH944729', 'BLOCK (74), MAHLWAGONE STREET, KYARKWATTHIT, KYAUKMYAUNG TOWNSHIP.', 'KAWTDUK VILLAGE, LAMINE TOWNSHIP (BRANCH), YE TOWNSHIP, MON STATE.', '+95 9 672 646 795, +95 9 788 720 015', '2022-11-02 00:00:00', 'JLPT N4, N3 勉強中', 168, 47, '無し', 'O+', '良い', '無し', '右', '有', '無し', '無し', '無し', '無し', '日本語', 'JLPT N4, 特定外食', '日本で働く', '有', 500000, '外食　　　　　特定技能', 300, 'レストランを開きたい', '無し', '―'),
(105, '214', 'HLAING HLAING OO.jpg', 'HLAING HLAING OO', 'ライン　ライン　ウー', '女', '2002-03-20', 21, 'ミャンマー', '仏教徒', '264', 'MH352406', 'NO. 34, 2ND STREET, MYOMA QUARTER, BAHAN TOWNSHIP, YANGON DIVISION.', 'EAST KAROPI VILLAGE, THANBYUZATAT TOWNSHIP, MON STATE.', '+95 9 682 127 789, +95 9 683 481 625', '2023-05-10 00:00:00', 'N3 勉強中', 165, 50, '無し', 'B', '良い', '無し', '右', '有', '無し', '無し', '無し', '無し', '日本語, タイ語', 'JFT A2, JLPT N4, 特定外食', '日本で働く', '有', 500000, '外食　　　　　特定技能', 300, 'レストランを開きたい', '無し', '―'),
(106, '213', 'SAN THUZAR.jpg', 'SAN THU ZAR', 'サン　テュ　ザー', '女', '2000-10-10', 23, 'ミャンマー', '仏教徒', '206', 'ー', 'NGWESAPAL STREET, KONETALAPAUNG WARD, MINGALARDON TOWNSHIP, YANGON DIVISION.', 'KANLAL VILLAGE, SANKAN GROUP, UPPER MINHLA TOWNSHIP, YANGON DIVISION.', '+95 9 452 253 635', '2022-06-10 00:00:00', 'JLPT N4, N3 勉強中', 152, 44, '無し', 'B', '良い', '無し', '右', '有', '無し', '無し', '無し', '無し', '日本語', 'JLPT N4, 特定外食', '日本で働く', '有', 300000, '外食　　　　　特定技能', 300, 'レストランを開きたい', '無し', '―'),
(107, '215', 'THARAPHU KYAW.jpg', 'THARAPHU KYAW', 'テヤフ　チョー', '女', '2004-10-29', 19, 'ミャンマー', '仏教徒', '209', 'MH192524', 'KAMARNAT VILLAGE, BAGO TOWNSHIP, BAGO DIVISION.', 'KAMARNAT VILLAGE, BAGO TOWNSHIP, BAGO DIVISION.', '+95 9 762 367 917, +95 9 459 992 746', '0000-00-00 00:00:00', 'JLPT N4, N3 終わった', 158, 51, '無し', 'O', '良い', '無し', '右', '有', '無し', '無し', '無し', '無し', '日本語', 'JLPT N4, 特定外食', '日本で働く', '有', 700000, '外食　　　　　特定技能', 300, 'コンビニエンスストアを開きたい', '無し', '―'),
(108, '0179', 'ARKAR NYI NYI HEIN.jpg', 'ARKAR NYI NYI HEIN', 'アーカー　ニャイ　ニャイ　へイン', '女', '1999-08-08', 24, 'ミャンマー', '仏教徒', '219', 'MH158873', 'NO(90), LATWALTHONEDRA STREET, SAINHTUN WARD, BAGO TOWNSHIP, BAGO DIVISION.', 'NO(90), LATWALTHONEDRA STREET, SAINHTUN WARD, BAGO TOWNSHIP, BAGO DIVISION.', '+95 9 677 888 223, +95 9 966 612 780', '2021-12-08 00:00:00', 'JLPT N4, N3 勉強中', 160, 51, '無し', 'O', '良い', '無し', '右', '有', '無し', '無し', '無し', '有', '日本語', 'JLPT N4, 特定外食', '日本で働く', '有', 500000, '外食　　　　　特定技能', 300, 'レストランを開きたい', '無し', '―'),
(109, '216', 'NWE NI ZIN WIN.png', 'NWE NI ZIN WIN', '二ュエー　二　ジン　ウィン', '女', '1992-06-20', 31, 'ミャンマー', '仏教徒', '212', ' MH471789', 'NO.25, NGUWAR STREET, NORTH OAKKALAPA TOWNSHIP, YANGON DIVISION.', 'NO.38, AYECHANTHARYAR WARD, WAW TOWNSHIP, BAGO DIVISION.', '+95 9 448 775 008, +95 9 766 044 122', '2019-11-02 00:00:00', 'JLPT N3 合格, N2 終わった', 163, 58, '無し', 'B', '良い', '無し', '右', '有', '無し', '無し', '無し', '無し', '日本語, タイ', 'JLPT N3, COMPUTER BASIC, 特定外食、', '日本で働く', '有', 300000, '外食　　　　　特定技能', 300, 'レストランを開きたい', '無し', '―'),
(110, '0057', 'Web capture_22-12-2023_162524_.jpeg', 'THET THET ZUN', 'テッ　テッ　ズン', '女', '1999-07-09', 24, 'ミャンマー', '仏教徒', '215', 'MH306018', 'KAMARKALOTESANPYA VILLAGE, KYAUKTAN TOWNSHIP, YANGON DIVISION.', 'KAMARKALOTESANPYA VILLAGE, KYAUKTAN TOWNSHIP, YANGON DIVISION.', '+95 9 778 784 414', '2022-09-06 00:00:00', 'JLPT N4, N3 勉強中', 156, 50, '無し', 'B', '良い', '無し', '右', '有', '無し', '無し', '無し', '無し', '日本語', 'JLPT N4, 特定外食', '日本で働く', '有', 300000, '外食　　　　　特定技能', 300, 'レストランを開きたい', '無し', 'ーー'),
(111, '232', 'AUNG PYAE SONE.jpg', 'AUNG PYAE SONE', 'アウン　ピィッ　ソン', '男', '2000-01-18', 23, 'ミャンマー', '仏教徒', '236', 'MH532248', 'THABOTKANN VILLAGE, WAW TOWNSHIP, BAGO DIVISION.', 'THABOTKANN VILLAGE, WAW TOWNSHIP, BAGO DIVISION.', '+95 9 986 065 165', '2022-08-04 00:00:00', 'JLPT N4, N3 勉強中', 170, 56, '無し', 'A', '眼鏡をかけている', '無し', '右', '有', '無し', '無し', '無し', '有', '日本語', 'JLPT N4, 特手農業', '日本で働く', '有', 300000, '農業　　　　　特定技能', 300, '自分で農業をしたい', '無し', '―'),
(112, '233', 'PYI TI OO.jpg', 'PYI TI OO', 'ピィ　ティ　ウー', '男', '2001-06-05', 22, 'ミャンマー', '仏教徒', '237', 'MH782385', 'NEAR KHAINGSHWEWAR BUS STOP, BAHO STREET, HLETAN WARD, KAMARYUT TOWNSHIP, YANGON DIVISION.', 'SAIKMA VILLAGE, PYAPON TOWNSHIP, AYEYAWADY DIVISION.', '+95 9 676 924 834', '2022-08-02 00:00:00', 'JFTA2, N3 勉強中', 173, 58, '無し', 'O', '良い', '無し', '右', '有', '無し', '無し', '無し', '有', '日本語', 'JFTA2, 特定農業', '日本で働く', '有', 700000, '農業　　　　　特定技能', 300, '自営業　', '無し', '―'),
(113, '234', 'AUNG PHYO HEIN.jpg', 'AUNG PHYO HEIN', 'アウン　ピョー　へイン', '男', '2004-08-15', 19, 'ミャンマー', '仏教徒', '238', 'MH717868', 'MA-46, MINZAYTI STREET, WEST YWARMA, PART (11), INNSEIN TOWNSHIP, YANGON DIVISION.', 'KYIMYINDINE TOWNSHIP, YANGON DIVISION.', '+95 9 773 252 259', '2022-06-11 00:00:00', 'JLPT N4, N3 勉強中', 170, 51, '無し', 'B', '良い', '無し', '右', '有', '無し', '無し', '無し', '有', '日本語', 'JLPT N4, 特定農業', '日本で働く', '有', 300000, '農業　　　　　特定技能', 300, '自営業', '無し', '―'),
(114, '235', 'THURA NAING.jpg', 'THURA NAING', 'テゥ―ラ　ナイン', '男', '1999-06-04', 24, 'ミャンマー', '仏教徒', '241', 'MH719560', 'ZATTILA (1) STREET, THINKANGYUN TOWNSHIP, YANGON DIVISION.', 'DAIKU TOWNSHIP, YANGON DIVISION.', '+95 9 975 337 154', '0000-00-00 00:00:00', 'JFT A2, N3 勉強中', 170, 61, '無し', 'A', '良い', '無し', '右', '有', '無し', '無し', '無し', '有', '日本語', 'JFT A2, 特定農業', '日本で働く', '有', 1000000, '農業　　　　　特定技能', 300, '農業について大きい店を開きたい', '無し', '―'),
(115, '335', 'viber_image_2024-01-31_15-33-51-296.jpg', 'KHIN MARLAR MYINT', 'キン マラー　ミャィン', '女', '1994-08-30', 29, 'ミャンマー', '仏教徒', '243', 'MG981658', 'NYAUNG INN VILLAGE, BAGO CITY, BAGO DIVISION.', 'NYAUNG INN VILLAGE, BAGO CITY, BAGO DIVISION.', '+95 9 793 795 714, +95 9 779 049 101', '2023-01-12 00:00:00', 'N3 合格した', 165, 49, '無し', 'O', '良い', '無し', '右', '有', '無し', '無し', '無し', '無し', '日本語', 'JLPT N3, 特定外食', '日本で働く', '有', 500000, '技能実習生、特定技能', 300, '日本語学校を開きたい', '無し', '―'),
(116, '337', 'Kyaw Thu Ra photo.jpg', 'HEIN HTET ZAW', 'へイン　テッ　ゾー', '男', '2002-07-01', 21, 'ミャンマー', '仏教徒', '250', 'ー', 'NO (109), KATHIT STREET, (6) WARD, NORTH DAGON TOWNSHIP, YANGON DIVISION.', 'NO (109), KATHIT STREET, (6) WARD, NORTH DAGON TOWNSHIP, YANGON DIVISION.', '+95 9 751 635 121', '2022-07-12 00:00:00', 'JLPT N4 合格', 173, 73, '無し', 'A', '良い', '無し', '左', '有', '無し', '無し', '無し', '無し', '日本語', 'JLPT N4', '日本で働く', '有', 300000, '特定技能、技能実習生', 300, 'シェフ　に　なりたい', '無し', '―'),
(117, '338', 'YE YINT PHYO AUNG (2).jpg', 'WIN KHANT', 'ワイン　カンッ', '男', '2002-12-18', 21, 'ミャンマー', '仏教徒', '251', 'ー', 'NO (16), 5B, LAYDAUNTKAN ROAD, SA/THUMINGALAR WARD, THINGANKYUN TOWNSHIP, YANGON DIVISION.', 'NO (16), 5B, LAYDAUNTKAN ROAD, SA/THUMINGALAR WARD, THINGANKYUN TOWNSHIP, YANGON DIVISION.', '+95 9 776 864 945, +95 9 975 572 807', '2022-07-12 00:00:00', 'JLPT N3 合格', 163, 53, '無し', 'O', '眼鏡をかけた', '無し', '右', '有', '無し', '無し', '無し', '有', '日本語, 英語( BASIC)', 'JLPT N4, JLPT N3', '日本で働く', '有', 500000, '特定技能', 300, 'グラフィックデザイナーになりたい', '無し', '―'),
(118, '339', 'logo1.png', 'HSU HSU SAN', 'ス　ス　サン', '女', '1999-09-14', 24, 'ミャンマー', '仏教徒', '260', 'ー', 'NO.109, KHATHIT STREET, 6 WARD, EAST DAGON TOWNSHIP, YANGON.', 'NO.109, KHATHIT STREET, 6 WARD, EAST DAGON TOWNSHIP, YANGON.', '+95 9 954 127 992, +95 9 750 249 783', '2023-09-14 00:00:00', 'N3 勉強中', 157, 63, '無し', 'O', '眼鏡をかけている', '無し', '右', '有', '無し', '無し', '無し', '無し', '日本語, 英語', 'JLPT N4 , COMPUTER BASIC, LCCI LEVEL-1', '日本で働く', '有', 300000, '技能実習生,特定技能', 300, 'パソコンの店を開きたい', '無し', '―'),
(119, '340', 'THU THU ZAW.png', 'THU THU ZAW', 'トゥ　トゥ　ゾー', '女', '1994-10-11', 29, 'ミャンマー', '仏教徒', '275', 'MH689496', 'NO (283), ZAYAR (5) STREET, SANCHANGHME WARD, KYAUKTAN TOWNSHIP, YANGON\r\nDIVISION', 'YENANMYAY KWATTHIT, WEST WARD, KYAUKTAN TOWNSHIP, YANGON DIVISION.', '+95 9 779 674 653, +95 9 453 459 606', '2022-07-12 00:00:00', 'N3 勉強中', 160, 69, '無し', 'AB', '良い', '無し', '右', '有', '無し', '無し', '無し', '無し', '日本語', 'JLPT N4, 特定食品製造', '日本で働く', '有', 700000, '食品製造                              特定技能', 300, '美容院を開きたい', '無し', '―');

--
-- Indexes for dumped tables
--

--
-- Indexes for table `district`
--
ALTER TABLE `district`
  ADD PRIMARY KEY (`district_id`);

--
-- Indexes for table `edu`
--
ALTER TABLE `edu`
  ADD PRIMARY KEY (`edu_id`);

--
-- Indexes for table `family_info`
--
ALTER TABLE `family_info`
  ADD PRIMARY KEY (`family_info_id`);

--
-- Indexes for table `job_exp`
--
ALTER TABLE `job_exp`
  ADD PRIMARY KEY (`job_exp_id`);

--
-- Indexes for table `nrc`
--
ALTER TABLE `nrc`
  ADD PRIMARY KEY (`nrc_id`);

--
-- Indexes for table `state`
--
ALTER TABLE `state`
  ADD PRIMARY KEY (`state_id`);

--
-- Indexes for table `student`
--
ALTER TABLE `student`
  ADD PRIMARY KEY (`id`);

--
-- AUTO_INCREMENT for dumped tables
--

--
-- AUTO_INCREMENT for table `district`
--
ALTER TABLE `district`
  MODIFY `district_id` int(11) NOT NULL AUTO_INCREMENT, AUTO_INCREMENT=15;

--
-- AUTO_INCREMENT for table `edu`
--
ALTER TABLE `edu`
  MODIFY `edu_id` int(11) NOT NULL AUTO_INCREMENT, AUTO_INCREMENT=276;

--
-- AUTO_INCREMENT for table `family_info`
--
ALTER TABLE `family_info`
  MODIFY `family_info_id` int(11) NOT NULL AUTO_INCREMENT, AUTO_INCREMENT=432;

--
-- AUTO_INCREMENT for table `job_exp`
--
ALTER TABLE `job_exp`
  MODIFY `job_exp_id` int(11) NOT NULL AUTO_INCREMENT, AUTO_INCREMENT=203;

--
-- AUTO_INCREMENT for table `nrc`
--
ALTER TABLE `nrc`
  MODIFY `nrc_id` int(11) NOT NULL AUTO_INCREMENT, AUTO_INCREMENT=277;

--
-- AUTO_INCREMENT for table `state`
--
ALTER TABLE `state`
  MODIFY `state_id` int(11) NOT NULL AUTO_INCREMENT, AUTO_INCREMENT=273;

--
-- AUTO_INCREMENT for table `student`
--
ALTER TABLE `student`
  MODIFY `id` int(11) NOT NULL AUTO_INCREMENT, AUTO_INCREMENT=120;
COMMIT;

/*!40101 SET CHARACTER_SET_CLIENT=@OLD_CHARACTER_SET_CLIENT */;
/*!40101 SET CHARACTER_SET_RESULTS=@OLD_CHARACTER_SET_RESULTS */;
/*!40101 SET COLLATION_CONNECTION=@OLD_COLLATION_CONNECTION */;
